Magma seed is 2757781288.
Loading "newcmpointcount.m"
Loading "cmdata.txt"
Loading "nfdata.m"
Starting curve 1 with label 15.60.4.d.1.
Choosing power series precision = 61.
Creating model with power series precision 61.
Model found. Now increasing precision.
Precision increase done.
Trying to find Hecke matrix for p = 2.
Trying to find Hecke matrix for p = 7.
Nicefying 1x1920 matrix.
Fourier coefficient size diagnostic.
True max = 6.96102092722963654069978106589.
Bound is = 45.
Computing periods of 20 matrices (max length 50).
Best elliptic curve 1 is [ 0, 0, 1, 0, 156 ]. The Manin constant is 1/75.
Starting modular degree computation.
Computing 60 periods.
Analytic modular degree is 10.
Time to compute analytic modular degree: 0.860
Minimal modular degree is 10. Choosing elliptic curve [ 0, 0, 1, 0, 156 ].
Image of cusp 1 has order 1 on elliptic curve.
Point is (0 : 1 : 0).
Image of cusp 2 has order 1 on elliptic curve.
Point is (0 : 1 : 0).
Image of cusp 3 has order 1 on elliptic curve.
Point is (0 : 1 : 0).
Image of cusp 4 has order 1 on elliptic curve.
Point is (0 : 1 : 0).
Tweaking precision.
Guaranteed to find map in degree 6.
Old preclist = [ 61, 61, 61, 61 ].
precsum = 182, multiplier = 4, powerprec = 55.
Setting powerprec = 55.
New preclist = [ 55, 55, 55, 55 ].
Finding elliptic curve map 1.
Computing Fourier expansions of x and y modular functions at cusp 1 of 4.
Computing Fourier expansions of x and y modular functions at cusp 2 of 4.
Computing Fourier expansions of x and y modular functions at cusp 3 of 4.
Computing Fourier expansions of x and y modular functions at cusp 4 of 4.
Realizing x,y over cyclotomic field.
Computing Grobner basis for ideal.
Grobner basis time was 0.000.
Generating cyclotomic canonical ring.
Generating degree 1 piece of canonical ring.
Generating degree 2 piece of canonical ring.
Generating degree 3 piece of canonical ring.
Generating degree 4 piece of canonical ring.
Generating degree 5 piece of canonical ring.
Searching for map 1 of 1.
For d = 5, dimension of null space is 1.
Null space time was 0.020 sec.
Null space vector 1 of 1 is good.
Time to realize x,y over cyclotomic field: 0.130
Starting cyclotomic map evaluation.
Map 1 goes from XG to curve [ 0, 0, 1, 0, 156 ]. Base point (-3/5 : 4/5 : 1 : 0) maps to (0 : 12 : 1).
Realizing x,y over rationals.
Generating rational canonical ring.
Searching for map 1 of 1 in degree 5.
Matrix size is 81 x 3264.
For d = 5, dimension of null space is 1.
Null space time was 0.020 sec.
Nicefying 1x81 matrix.
Checking map equation 1 of 1.
Time to realize x,y over rationals: 0.120
Pulling back points
Map to elliptic curve has 1 defining polynomials.
The codomain of the map is a rank 0 elliptic curve: [ 0, 0, 1, 0, 156 ]
The set of rational points of this elliptic curve is:
Pulling back point (0 : 1 : 0).
Beginning test of p = 7.
Tested p = 7. There are 1 points, of which 0 are singular.
Lifting mod p point (5 : 5 : 1 : 0).
We found a rational point (-3/5 : 4/5 : 1 : 0).
Mod 7 there are 1 points, all of which are non-singular.
The reduction mod p map from X(Q) -> X(F_7) is bijective. We're done!
Pulling back point (0 : 12 : 1).
Beginning test of p = 7.
Tested p = 7. There are 1 points, of which 0 are singular.
Lifting mod p point (2 : 3 : 1 : 0).
We found a rational point (3/5 : 1/5 : 1 : 0).
Mod 7 there are 1 points, all of which are non-singular.
The reduction mod p map from X(Q) -> X(F_7) is bijective. We're done!
Pulling back point (0 : -13 : 1).
Beginning test of p = 7.
Tested p = 7. There are 6 points, of which 0 are singular.
Lifting mod p point (0 : 1 : 0 : 1).
We didn't find a rational point.
Lifting mod p point (0 : 1 : 4 : 1).
We didn't find a rational point.
Lifting mod p point (0 : 2 : 0 : 1).
We didn't find a rational point.
Lifting mod p point (0 : 2 : 1 : 1).
We didn't find a rational point.
Lifting mod p point (0 : 4 : 0 : 1).
We didn't find a rational point.
Lifting mod p point (0 : 4 : 2 : 1).
We didn't find a rational point.
Mod 7 there are 6 points, all of which are non-singular.
Mod 11 there are 0 points, all of which are non-singular.
The reduction mod p map from X(Q) -> X(F_11) is bijective. We're done!
There are 2 rational points on the given modular curve.
They are [ (-3/5 : 4/5 : 1 : 0), (3/5 : 1/5 : 1 : 0) ].
Time to pull back points: 0.060
Label: 15.60.4.d.1
Number of rational cusps: 0
Number of CM points: 2
Multiset of CM j-invariants: {* 0^^2 *}
Number of non-CM points: 0
Multiset of non-CM j-invariants: {* *}
Total time needed was 2.240 sec.

Starting curve 2 with label 15.90.4.a.1.
Choosing power series precision = 61.
Creating model with power series precision 61.
Model found. Now increasing precision.
Precision increase done.
Trying to find Hecke matrix for p = 2.
Trying to find Hecke matrix for p = 7.
Nicefying 1x2880 matrix.
Fourier coefficient size diagnostic.
True max = 6.88190960235586769103604790956.
Bound is = 45.
Computing periods of 20 matrices (max length 50).
Best elliptic curve 1 is [ 0, 0, 1, 0, 156 ]. The Manin constant is 1/75.
Starting modular degree computation.
Computing 90 periods.
Analytic modular degree is 10.
Time to compute analytic modular degree: 1.300
Minimal modular degree is 10. Choosing elliptic curve [ 0, 0, 1, 0, 156 ].
Image of cusp 1 has order 1 on elliptic curve.
Point is (0 : 1 : 0).
Image of cusp 2 has order 1 on elliptic curve.
Point is (0 : 1 : 0).
Image of cusp 3 has order 3 on elliptic curve.
Point is (0 : 12 : 1).
Image of cusp 4 has order 1 on elliptic curve.
Point is (0 : 1 : 0).
Image of cusp 5 has order 3 on elliptic curve.
Point is (0 : -13 : 1).
Image of cusp 6 has order 1 on elliptic curve.
Point is (0 : 1 : 0).
Tweaking precision.
Guaranteed to find map in degree 6.
Old preclist = [ 61, 61, 61, 61, 61, 61 ].
precsum = 272, multiplier = 6, powerprec = 55.
Setting powerprec = 55.
New preclist = [ 55, 55, 55, 55, 55, 55 ].
Finding elliptic curve map 1.
Computing Fourier expansions of x and y modular functions at cusp 1 of 6.
Computing Fourier expansions of x and y modular functions at cusp 2 of 6.
Computing Fourier expansions of x and y modular functions at cusp 3 of 6.
Computing Fourier expansions of x and y modular functions at cusp 4 of 6.
Computing Fourier expansions of x and y modular functions at cusp 5 of 6.
Computing Fourier expansions of x and y modular functions at cusp 6 of 6.
Realizing x,y over cyclotomic field.
Computing Grobner basis for ideal.
Grobner basis time was 0.000.
Generating cyclotomic canonical ring.
Generating degree 1 piece of canonical ring.
Generating degree 2 piece of canonical ring.
Generating degree 3 piece of canonical ring.
Generating degree 4 piece of canonical ring.
Generating degree 5 piece of canonical ring.
Searching for map 1 of 1.
For d = 5, dimension of null space is 1.
Null space time was 0.030 sec.
Null space vector 1 of 1 is good.
Time to realize x,y over cyclotomic field: 0.140
Starting cyclotomic map evaluation.
Map 1 goes from XG to curve [ 0, 0, 1, 0, 156 ]. Base point (0 : 1/3 : 1 : 0) maps to (0 : 12 : 1).
Realizing x,y over rationals.
Generating rational canonical ring.
Searching for map 1 of 1 in degree 5.
Matrix size is 81 x 4896.
For d = 5, dimension of null space is 1.
Null space time was 0.020 sec.
Nicefying 1x81 matrix.
Checking map equation 1 of 1.
Time to realize x,y over rationals: 0.150
Pulling back points
Map to elliptic curve has 1 defining polynomials.
The codomain of the map is a rank 0 elliptic curve: [ 0, 0, 1, 0, 156 ]
The set of rational points of this elliptic curve is:
Pulling back point (0 : 1 : 0).
Beginning test of p = 11.
Tested p = 11. There are 1 points, of which 0 are singular.
Lifting mod p point (0 : 4 : 1 : 0).
We found a rational point (0 : 1/3 : 1 : 0).
Mod 11 there are 1 points, all of which are non-singular.
The reduction mod p map from X(Q) -> X(F_11) is bijective. We're done!
Pulling back point (0 : 12 : 1).
Beginning test of p = 11.
Tested p = 11. There are 1 points, of which 0 are singular.
Lifting mod p point (0 : 5 : 1 : 0).
We found a rational point (0 : -1/2 : 1 : 0).
Mod 11 there are 1 points, all of which are non-singular.
The reduction mod p map from X(Q) -> X(F_11) is bijective. We're done!
Pulling back point (0 : -13 : 1).
Beginning test of p = 11.
Tested p = 11. There are 6 points, of which 0 are singular.
Lifting mod p point (1 : 0 : 6 : 1).
We didn't find a rational point.
Lifting mod p point (9 : 0 : 5 : 1).
We didn't find a rational point.
Lifting mod p point (2 : 5 : 1 : 0).
We didn't find a rational point.
Lifting mod p point (5 : 4 : 1 : 0).
We didn't find a rational point.
Lifting mod p point (5 : 6 : 1 : 0).
We didn't find a rational point.
Lifting mod p point (10 : 10 : 1 : 0).
We didn't find a rational point.
Mod 11 there are 6 points, all of which are non-singular.
Mod 13 there are 0 points, all of which are non-singular.
The reduction mod p map from X(Q) -> X(F_13) is bijective. We're done!
There are 2 rational points on the given modular curve.
They are [ (0 : -1/2 : 1 : 0), (0 : 1/3 : 1 : 0) ].
Time to pull back points: 0.050
Label: 15.90.4.a.1
Number of rational cusps: 2
Number of CM points: 0
Multiset of CM j-invariants: {* *}
Number of non-CM points: 0
Multiset of non-CM j-invariants: {* *}
Total time needed was 2.570 sec.

Starting curve 3 with label 18.216.11.c.1.
Choosing power series precision = 126.
Creating model with power series precision 126.
Model found. Now increasing precision.
Precision increase done.
Trying to find Hecke matrix for p = 5.
Trying to find Hecke matrix for p = 7.
Trying to find Hecke matrix for p = 11.
Trying to find Hecke matrix for p = 13.
Trying to find Hecke matrix for p = 17.
Trying to find Hecke matrix for p = 19.
Trying to find Hecke matrix for p = 23.
Trying to find Hecke matrix for p = 29.
Trying to find Hecke matrix for p = 31.
Trying to find Hecke matrix for p = 37.
Trying to find Hecke matrix for p = 41.
Trying to find Hecke matrix for p = 43.
Representation is not unique for Hecke operator T_43. Increasing precision may help.
Representation is not unique for Hecke operator T_43. Increasing precision may help.
Representation is not unique for Hecke operator T_43. Increasing precision may help.
Representation is not unique for Hecke operator T_43. Increasing precision may help.
Representation is not unique for Hecke operator T_43. Increasing precision may help.
Representation is not unique for Hecke operator T_43. Increasing precision may help.
Representation is not unique for Hecke operator T_43. Increasing precision may help.
Representation is not unique for Hecke operator T_43. Increasing precision may help.
Representation is not unique for Hecke operator T_43. Increasing precision may help.
Representation is not unique for Hecke operator T_43. Increasing precision may help.
Representation is not unique for Hecke operator T_43. Increasing precision may help.
Trying to find Hecke matrix for p = 47.
Representation is not unique for Hecke operator T_47. Increasing precision may help.
Representation is not unique for Hecke operator T_47. Increasing precision may help.
Representation is not unique for Hecke operator T_47. Increasing precision may help.
Representation is not unique for Hecke operator T_47. Increasing precision may help.
Representation is not unique for Hecke operator T_47. Increasing precision may help.
Representation is not unique for Hecke operator T_47. Increasing precision may help.
Representation is not unique for Hecke operator T_47. Increasing precision may help.
Representation is not unique for Hecke operator T_47. Increasing precision may help.
Representation is not unique for Hecke operator T_47. Increasing precision may help.
Representation is not unique for Hecke operator T_47. Increasing precision may help.
Representation is not unique for Hecke operator T_47. Increasing precision may help.
Nicefying 1x9000 matrix.
Nicefying 1x9000 matrix.
Nicefying 1x9000 matrix.
Nicefying 1x9000 matrix.
Nicefying 1x9000 matrix.
Nicefying 1x9000 matrix.
Fourier coefficient size diagnostic.
True max = 3.82598428181761487804922865745.
Bound is = 54.
Computing periods of 20 matrices (max length 50).
Best elliptic curve 1 is [ 0, 0, 1, 0, -7 ]. The Manin constant is 1/54.
Starting modular degree computation.
Computing 216 periods.
Analytic modular degree is 9.
Time to compute analytic modular degree: 7.180
Best elliptic curve 1 is [ 1, -1, 0, 12, 8 ]. The Manin constant is 1/54.
Starting modular degree computation.
Computing 216 periods.
Analytic modular degree is 18.
Time to compute analytic modular degree: 11.220
Best elliptic curve 1 is [ 1, -1, 1, -29, -53 ]. The Manin constant is 1/54.
Starting modular degree computation.
Computing 216 periods.
Analytic modular degree is 18.
Time to compute analytic modular degree: 11.230
Best elliptic curve 1 is [ 1, -1, 0, 3, -1 ]. The Manin constant is 1/54.
Starting modular degree computation.
Computing 216 periods.
Analytic modular degree is 6.
Time to compute analytic modular degree: 10.860
Best elliptic curve 1 is [ 1, -1, 1, 25, 1 ]. The Manin constant is 1/54.
Starting modular degree computation.
Computing 216 periods.
Analytic modular degree is 18.
Time to compute analytic modular degree: 10.850
Best elliptic curve 1 is [ 1, -1, 1, -56, -161 ]. The Manin constant is 1/54.
Starting modular degree computation.
Computing 216 periods.
Analytic modular degree is 36.
Time to compute analytic modular degree: 9.900
Minimal modular degree is 6. Choosing elliptic curve [ 1, -1, 0, 3, -1 ].
Image of cusp 1 has order 1 on elliptic curve.
Point is (0 : 1 : 0).
Image of cusp 2 has order 7 on elliptic curve.
Point is (z^5 - 2*z^4 + z^2 + z - 2 : 4*z^5 + z^4 - 6*z^3 - 5*z^2 + 4*z + 4 : 1).
Image of cusp 3 has order 21 on elliptic curve.
Point is (z^5 + z^4 + z^2 - 2*z + 1 : z^5 + z^4 - 3*z^3 + z^2 - 2*z + 1 : 1).
Image of cusp 4 has order 7 on elliptic curve.
Point is (z^5 + z^4 - 2*z^2 - 2*z - 2 : 4*z^5 + 4*z^4 + 6*z^3 + z^2 + z - 2 : 1).
Image of cusp 5 has order 21 on elliptic curve.
Point is (z^5 + z^4 + z^2 - 2*z + 1 : z^5 + z^4 - 3*z^3 + z^2 - 2*z + 1 : 1).
Image of cusp 6 has order 21 on elliptic curve.
Point is (z^5 + z^4 + z^2 - 2*z + 1 : z^5 + z^4 - 3*z^3 + z^2 - 2*z + 1 : 1).
Image of cusp 7 has order 7 on elliptic curve.
Point is (z^5 - 2*z^4 + z^2 + z - 2 : -5*z^5 + z^4 + 6*z^3 + 4*z^2 - 5*z - 2 : 1).
Image of cusp 8 has order 7 on elliptic curve.
Point is (z^5 + z^4 - 2*z^2 - 2*z - 2 : -5*z^5 - 5*z^4 - 6*z^3 + z^2 + z + 4 : 1).
Image of cusp 9 has order 7 on elliptic curve.
Point is (-2*z^5 + z^4 + z^2 + z - 2 : z^5 - 5*z^4 + 6*z^3 - 5*z^2 + 4*z - 2 : 1).
Image of cusp 10 has order 7 on elliptic curve.
Point is (z^5 - 2*z^4 + z^2 + z - 2 : -5*z^5 + z^4 + 6*z^3 + 4*z^2 - 5*z - 2 : 1).
Image of cusp 11 has order 7 on elliptic curve.
Point is (z^5 - 2*z^4 + z^2 + z - 2 : -5*z^5 + z^4 + 6*z^3 + 4*z^2 - 5*z - 2 : 1).
Image of cusp 12 has order 7 on elliptic curve.
Point is (-2*z^5 + z^4 + z^2 + z - 2 : z^5 + 4*z^4 - 6*z^3 + 4*z^2 - 5*z + 4 : 1).
Tweaking precision.
Guaranteed to find map in degree 2.
Old preclist = [ 126, 126, 126, 126, 126, 126, 126, 126, 126, 126, 126, 126 ].
precsum = 218, multiplier = 12, powerprec = 28.
Setting powerprec = 28.
New preclist = [ 28, 28, 28, 28, 28, 28, 28, 28, 28, 28, 28, 28 ].
Finding elliptic curve map 1.
Computing Fourier expansions of x and y modular functions at cusp 1 of 12.
Computing Fourier expansions of x and y modular functions at cusp 2 of 12.
Computing Fourier expansions of x and y modular functions at cusp 3 of 12.
Computing Fourier expansions of x and y modular functions at cusp 4 of 12.
Computing Fourier expansions of x and y modular functions at cusp 5 of 12.
Computing Fourier expansions of x and y modular functions at cusp 6 of 12.
Computing Fourier expansions of x and y modular functions at cusp 7 of 12.
Computing Fourier expansions of x and y modular functions at cusp 8 of 12.
Computing Fourier expansions of x and y modular functions at cusp 9 of 12.
Computing Fourier expansions of x and y modular functions at cusp 10 of 12.
Computing Fourier expansions of x and y modular functions at cusp 11 of 12.
Computing Fourier expansions of x and y modular functions at cusp 12 of 12.
Realizing x,y over cyclotomic field.
Computing Grobner basis for ideal.
Grobner basis time was 0.000.
Generating cyclotomic canonical ring.
Generating degree 1 piece of canonical ring.
Searching for map 1 of 1.
For d = 1, dimension of null space is 0.
Null space time was 0.010 sec.
Generating degree 2 piece of canonical ring.
Searching for map 1 of 1.
For d = 2, dimension of null space is 12.
Null space time was 0.580 sec.
Null space vector 1 of 12 is good.
Time to realize x,y over cyclotomic field: 0.730
Starting cyclotomic map evaluation.
Map 1 goes from XG to curve [ 1, -1, 0, 3, -1 ]. Base point (1 : 0 : 0 : 0 : 0 : 1 : 0 : 0 : 0 : 1 : 1) maps to (z^5 - 2*z^4 + z^2 + z - 2 : 4*z^5 + z^4 - 6*z^3 - 5*z^2 + 4*z + 4 : 1).
Realizing x,y over rationals.
Generating rational canonical ring.
Searching for map 1 of 1 in degree 2.
Matrix size is 90 x 3444.
For d = 2, dimension of null space is 12.
Null space time was 0.030 sec.
Nicefying 12x90 matrix.
Checking map equation 1 of 5.
Checking map equation 2 of 5.
Checking compatability of map equation 1 and 2.
Checking map equation 3 of 5.
Checking compatability of map equation 1 and 3.
Checking compatability of map equation 2 and 3.
Checking map equation 4 of 5.
Checking compatability of map equation 1 and 4.
Checking compatability of map equation 2 and 4.
Checking compatability of map equation 3 and 4.
Checking map equation 5 of 5.
Checking compatability of map equation 1 and 5.
Checking compatability of map equation 2 and 5.
Checking compatability of map equation 3 and 5.
Checking compatability of map equation 4 and 5.
Time to realize x,y over rationals: 0.260
Pulling back points
Map to elliptic curve has 5 defining polynomials.
The codomain of the map is a rank 0 elliptic curve: [ 1, -1, 0, 3, -1 ]
The set of rational points of this elliptic curve is:
Pulling back point (1 : 1 : 1).
Beginning test of p = 5.
Tested p = 5. There are 3 points, of which 0 are singular.
Lifting mod p point (1 : 1 : 3 : 4 : 1 : 2 : 4 : 4 : 2 : 0 : 1).
We didn't find a rational point.
Lifting mod p point (2 : 1 : 1 : 3 : 2 : 4 : 3 : 3 : 4 : 4 : 1).
We didn't find a rational point.
Lifting mod p point (1 : 0 : 3 : 4 : 1 : 2 : 4 : 4 : 2 : 1 : 0).
We didn't find a rational point.
Mod 5 there are 3 points, all of which are non-singular.
Mod 7 there are 1 points, all of which are non-singular.
Mod 17 there are 4 points, all of which are non-singular.
Mod 19 there are 4 points, all of which are non-singular.
Mod 23 there are 0 points, all of which are non-singular.
The reduction mod p map from X(Q) -> X(F_23) is bijective. We're done!
Pulling back point (1 : -2 : 1).
Beginning test of p = 5.
Tested p = 5. There are 3 points, of which 1 are singular.
Beginning test of p = 11.
Tested p = 11. There are 4 points, of which 0 are singular.
Lifting mod p point (0 : 0 : 0 : 0 : 0 : 0 : 0 : 0 : 10 : 0 : 1).
We found a rational point (0 : 0 : 0 : 0 : 0 : 0 : 0 : 0 : -1 : 0 : 1).
Lifting mod p point (0 : 0 : 0 : 1 : 10 : 0 : 1 : 1 : 0 : 1 : 1).
We found a rational point (0 : 0 : 0 : 1 : -1 : 0 : 1 : 1 : 0 : 1 : 1).
Lifting mod p point (8 : 2 : 8 : 1 : 7 : 9 : 10 : 1 : 9 : 7 : 1).
We didn't find a rational point.
Lifting mod p point (10 : 7 : 10 : 1 : 9 : 6 : 5 : 4 : 4 : 10 : 1).
We didn't find a rational point.
Mod 11 there are 4 points, all of which are non-singular.
Mod 17 there are 4 points, all of which are non-singular.
Mod 19 there are 2 points, all of which are non-singular.
The reduction mod p map from X(Q) -> X(F_19) is bijective. We're done!
Pulling back point (0 : 1 : 0).
Beginning test of p = 5.
Tested p = 5. There are 2 points, of which 1 are singular.
Beginning test of p = 11.
Tested p = 11. There are 2 points, of which 1 are singular.
Beginning test of p = 17.
Tested p = 17. There are 5 points, of which 1 are singular.
Beginning test of p = 19.
Tested p = 19. There are 5 points, of which 1 are singular.
Beginning test of p = 23.
Tested p = 23. There are 2 points, of which 1 are singular.
Beginning test of p = 29.
Tested p = 29. There are 2 points, of which 1 are singular.
Beginning test of p = 31.
Tested p = 31. There are 2 points, of which 1 are singular.
Beginning test of p = 37.
Tested p = 37. There are 5 points, of which 1 are singular.
Beginning test of p = 41.
Tested p = 41. There are 2 points, of which 1 are singular.
Beginning test of p = 43.
Tested p = 43. There are 2 points, of which 1 are singular.
Beginning test of p = 47.
Tested p = 47. There are 2 points, of which 1 are singular.
Beginning test of p = 53.
Tested p = 53. There are 5 points, of which 1 are singular.
Beginning test of p = 59.
Tested p = 59. There are 2 points, of which 1 are singular.
Beginning test of p = 61.
Tested p = 61. There are 2 points, of which 1 are singular.
Beginning test of p = 67.
Tested p = 67. There are 2 points, of which 1 are singular.
Beginning test of p = 71.
Tested p = 71. There are 5 points, of which 1 are singular.
Beginning test of p = 73.
Tested p = 73. There are 5 points, of which 1 are singular.
Beginning test of p = 79.
Tested p = 79. There are 2 points, of which 1 are singular.
Beginning test of p = 83.
Tested p = 83. There are 2 points, of which 1 are singular.
Beginning test of p = 89.
Tested p = 89. There are 5 points, of which 1 are singular.
Beginning test of p = 97.
Tested p = 97. There are 2 points, of which 1 are singular.
Beginning test of p = 101.
Tested p = 101. There are 2 points, of which 1 are singular.
Beginning test of p = 103.
Tested p = 103. There are 2 points, of which 1 are singular.
Fall back to built-in function - no non-singular reduction found.
Found rational point (1 : 0 : 0 : 0 : 0 : 1 : 0 : 0 : 0 : 1 : 1).
Found rational point (0 : 0 : 0 : -1 : 0 : 0 : 1 : 0 : 0 : 0 : 0).
There are 4 rational points on the given modular curve.
They are [ (0 : 0 : 0 : 0 : 0 : 0 : 0 : 0 : -1 : 0 : 1), (0 : 0 : 0 : -1 : 0 : 0 : 1 : 0 : 0 : 0 : 0), (1 : 0 : 0 : 0 : 0 : 1 : 0 : 0 : 0 : 1 : 1), (0 : 0 : 0 : 1 : -1 : 0 : 1 : 1 : 0 : 1 : 1) ].
Time to pull back points: 1.940
Label: 18.216.11.c.1
Number of rational cusps: 0
Number of CM points: 4
Multiset of CM j-invariants: {* 0^^4 *}
Number of non-CM points: 0
Multiset of non-CM j-invariants: {* *}
Total time needed was 80.840 sec.

Starting curve 4 with label 21.168.11.b.1.
Choosing power series precision = 94.
Creating model with power series precision 94.
Model found. Now increasing precision.
Precision increase done.
Trying to find Hecke matrix for p = 2.
Trying to find Hecke matrix for p = 5.
Trying to find Hecke matrix for p = 11.
Trying to find Hecke matrix for p = 13.
Nicefying 1x8928 matrix.
Fourier coefficient size diagnostic.
True max = 9.38816222951316987687007824158.
Bound is = 63.
Computing periods of 20 matrices (max length 50).
Best elliptic curve 1 is [ 0, 0, 1, 0, 113447 ]. The Manin constant is 1/441.
Starting modular degree computation.
Computing 168 periods.
Analytic modular degree is 42.
Time to compute analytic modular degree: 4.280
Minimal modular degree is 42. Choosing elliptic curve [ 0, 0, 1, 0, 113447 ].
Image of cusp 1 has order 1 on elliptic curve.
Point is (0 : 1 : 0).
Image of cusp 2 has order 1 on elliptic curve.
Point is (0 : 1 : 0).
Image of cusp 3 has order 3 on elliptic curve.
Point is (0 : 147*z^11 + 147*z^9 + 147*z^8 - 147*z^7 - 147*z^4 + 294*z^2 - 147*z - 74 : 1).
Image of cusp 4 has order 3 on elliptic curve.
Point is (0 : 147*z^11 + 147*z^9 + 147*z^8 - 147*z^7 - 147*z^4 + 294*z^2 - 147*z - 74 : 1).
Image of cusp 5 has order 3 on elliptic curve.
Point is (0 : 147*z^11 + 147*z^9 + 147*z^8 - 147*z^7 - 147*z^4 + 294*z^2 - 147*z - 74 : 1).
Image of cusp 6 has order 3 on elliptic curve.
Point is (0 : -147*z^11 - 147*z^9 - 147*z^8 + 147*z^7 + 147*z^4 - 294*z^2 + 147*z + 73 : 1).
Image of cusp 7 has order 3 on elliptic curve.
Point is (0 : -147*z^11 - 147*z^9 - 147*z^8 + 147*z^7 + 147*z^4 - 294*z^2 + 147*z + 73 : 1).
Image of cusp 8 has order 3 on elliptic curve.
Point is (0 : -147*z^11 - 147*z^9 - 147*z^8 + 147*z^7 + 147*z^4 - 294*z^2 + 147*z + 73 : 1).
Tweaking precision.
Guaranteed to find map in degree 7.
Old preclist = [ 94, 94, 94, 94, 94, 94, 94, 94 ].
precsum = 590, multiplier = 8, powerprec = 83.
Setting powerprec = 83.
New preclist = [ 83, 83, 83, 83, 83, 83, 83, 83 ].
Finding elliptic curve map 1.
Computing Fourier expansions of x and y modular functions at cusp 1 of 8.
Computing Fourier expansions of x and y modular functions at cusp 2 of 8.
Computing Fourier expansions of x and y modular functions at cusp 3 of 8.
Computing Fourier expansions of x and y modular functions at cusp 4 of 8.
Computing Fourier expansions of x and y modular functions at cusp 5 of 8.
Computing Fourier expansions of x and y modular functions at cusp 6 of 8.
Computing Fourier expansions of x and y modular functions at cusp 7 of 8.
Computing Fourier expansions of x and y modular functions at cusp 8 of 8.
Realizing x,y over cyclotomic field.
Computing Grobner basis for ideal.
Grobner basis time was 0.010.
Generating cyclotomic canonical ring.
Generating degree 1 piece of canonical ring.
Generating degree 2 piece of canonical ring.
Generating degree 3 piece of canonical ring.
Generating degree 4 piece of canonical ring.
Generating degree 5 piece of canonical ring.
Generating degree 6 piece of canonical ring.
Searching for map 1 of 1.
For d = 6, dimension of null space is 0.
Null space time was 0.400 sec.
Generating degree 7 piece of canonical ring.
Searching for map 1 of 1.
For d = 7, dimension of null space is 6.
Null space time was 3.960 sec.
Null space vector 2 of 6 is good.
Time to realize x,y over cyclotomic field: 15.180
Starting cyclotomic map evaluation.
Map 1 goes from XG to curve [ 0, 0, 1, 0, 113447 ]. Base point (0 : 3/5 : 1/5 : 0 : 0 : 0 : 0 : 1/5 : 1 : 0 : 0) maps to (0 : 1 : 0).
Realizing x,y over rationals.
Generating rational canonical ring.
Searching for map 1 of 1 in degree 7.
Matrix size is 390 x 15312.
For d = 7, dimension of null space is 6.
Null space time was 1.580 sec.
Nicefying 6x390 matrix.
Checking map equation 1 of 5.
Checking map equation 2 of 5.
Checking compatability of map equation 1 and 2.
Checking map equation 3 of 5.
Checking compatability of map equation 1 and 3.
Checking compatability of map equation 2 and 3.
Checking map equation 4 of 5.
Checking compatability of map equation 1 and 4.
Checking compatability of map equation 2 and 4.
Checking compatability of map equation 3 and 4.
Checking map equation 5 of 5.
Checking compatability of map equation 1 and 5.
Checking compatability of map equation 2 and 5.
Checking compatability of map equation 3 and 5.
Checking compatability of map equation 4 and 5.
Time to realize x,y over rationals: 13.610
Pulling back points
Map to elliptic curve has 5 defining polynomials.
The codomain of the map is a rank 0 elliptic curve: [ 0, 0, 1, 0, 113447 ]
The set of rational points of this elliptic curve is:
Pulling back point (0 : 1 : 0).
Beginning test of p = 11.
Tested p = 11. There are 4 points, of which 4 are singular.
Beginning test of p = 13.
Tested p = 13. There are 4 points, of which 2 are singular.
Beginning test of p = 17.
Tested p = 17. There are 4 points, of which 2 are singular.
Beginning test of p = 19.
Tested p = 19. There are 10 points, of which 2 are singular.
Beginning test of p = 23.
Tested p = 23. There are 4 points, of which 2 are singular.
Beginning test of p = 29.
Tested p = 29. There are 4 points, of which 2 are singular.
Beginning test of p = 31.
Tested p = 31. There are 16 points, of which 2 are singular.
Beginning test of p = 37.
Tested p = 37. There are 4 points, of which 2 are singular.
Beginning test of p = 41.
Tested p = 41. There are 2 points, of which 2 are singular.
Beginning test of p = 43.
Tested p = 43. There are 4 points, of which 2 are singular.
Beginning test of p = 47.
Tested p = 47. There are 4 points, of which 2 are singular.
Beginning test of p = 53.
Tested p = 53. There are 8 points, of which 2 are singular.
Beginning test of p = 59.
Tested p = 59. There are 4 points, of which 2 are singular.
Beginning test of p = 61.
Tested p = 61. There are 4 points, of which 2 are singular.
Beginning test of p = 67.
Tested p = 67. There are 4 points, of which 2 are singular.
Beginning test of p = 71.
Tested p = 71. There are 4 points, of which 2 are singular.
Beginning test of p = 73.
Tested p = 73. There are 4 points, of which 2 are singular.
Beginning test of p = 79.
Tested p = 79. There are 4 points, of which 2 are singular.
Beginning test of p = 83.
Tested p = 83. There are 6 points, of which 2 are singular.
Beginning test of p = 89.
Tested p = 89. There are 2 points, of which 2 are singular.
Beginning test of p = 97.
Tested p = 97. There are 4 points, of which 2 are singular.
Beginning test of p = 101.
Tested p = 101. There are 2 points, of which 2 are singular.
Beginning test of p = 103.
Tested p = 103. There are 10 points, of which 2 are singular.
Fall back to built-in function - no non-singular reduction found.
Found rational point (0 : -3/5 : -2/5 : 0 : 0 : 0 : 0 : 4/5 : 1 : 0 : 0).
Found rational point (0 : 3/5 : 1/5 : 0 : 0 : 0 : 0 : 1/5 : 1 : 0 : 0).
There are 2 rational points on the given modular curve.
They are [ (0 : -3/5 : -2/5 : 0 : 0 : 0 : 0 : 4/5 : 1 : 0 : 0), (0 : 3/5 : 1/5 : 0 : 0 : 0 : 0 : 1/5 : 1 : 0 : 0) ].
Time to pull back points: 1.200
Label: 21.168.11.b.1
Number of rational cusps: 0
Number of CM points: 2
Multiset of CM j-invariants: {* 0^^2 *}
Number of non-CM points: 0
Multiset of non-CM j-invariants: {* *}
Total time needed was 39.720 sec.

Starting curve 5 with label 33.330.21.a.1.
Choosing power series precision = 248.
Creating model with power series precision 248.
Model found. Now increasing precision.
Precision increase done.
Trying to find Hecke matrix for p = 2.
Trying to find Hecke matrix for p = 5.
Trying to find Hecke matrix for p = 7.
Trying to find Hecke matrix for p = 13.
Trying to find Hecke matrix for p = 17.
Trying to find Hecke matrix for p = 19.
Trying to find Hecke matrix for p = 23.
Trying to find Hecke matrix for p = 29.
Nicefying 1x49400 matrix.
Nicefying 1x49400 matrix.
Nicefying 1x49400 matrix.
Nicefying 1x49400 matrix.
Fourier coefficient size diagnostic.
True max = 32.4173177582794589495172861852.
Bound is = 99.
Computing periods of 20 matrices (max length 50).
Best elliptic curve 1 is [ 1, -1, 0, -15, 8 ]. The Manin constant is 1/99.
Starting modular degree computation.
Computing 330 periods.
Analytic modular degree is 40.
Time to compute analytic modular degree: 266.200
Best elliptic curve 1 is [ 1, -1, 1, -1838, -5156 ]. The Manin constant is 1/1089.
Starting modular degree computation.
Computing 330 periods.
Analytic modular degree is 120.
Time to compute analytic modular degree: 303.650
Best elliptic curve 1 is [ 0, 0, 1, 0, 1087094 ]. The Manin constant is 1/1089.
Starting modular degree computation.
Computing 330 periods.
Analytic modular degree is 14.
Time to compute analytic modular degree: 99.840
Best elliptic curve 1 is [ 1, -1, 0, -204, 259 ]. The Manin constant is 1/363.
Starting modular degree computation.
Computing 330 periods.
Analytic modular degree is 360.
Time to compute analytic modular degree: 302.270
Minimal modular degree is 14. Choosing elliptic curve [ 0, 0, 1, 0, 1087094 ].
Image of cusp 1 has order 1 on elliptic curve.
Point is (0 : 1 : 0).
Image of cusp 2 has order 1 on elliptic curve.
Point is (0 : 1 : 0).
Image of cusp 3 has order 3 on elliptic curve.
Point is (0 : 726*z^19 - 726*z^17 + 363*z^16 - 363*z^15 + 726*z^13 - 363*z^12 - 363*z^11 + 726*z^10 - 363*z^9 + 726*z^7 - 726*z^6 + 363*z^5 - 363*z^3 - 545 : 1).
Image of cusp 4 has order 1 on elliptic curve.
Point is (0 : 1 : 0).
Image of cusp 5 has order 3 on elliptic curve.
Point is (0 : 726*z^19 - 726*z^17 + 363*z^16 - 363*z^15 + 726*z^13 - 363*z^12 - 363*z^11 + 726*z^10 - 363*z^9 + 726*z^7 - 726*z^6 + 363*z^5 - 363*z^3 - 545 : 1).
Image of cusp 6 has order 3 on elliptic curve.
Point is (0 : 726*z^19 - 726*z^17 + 363*z^16 - 363*z^15 + 726*z^13 - 363*z^12 - 363*z^11 + 726*z^10 - 363*z^9 + 726*z^7 - 726*z^6 + 363*z^5 - 363*z^3 - 545 : 1).
Image of cusp 7 has order 3 on elliptic curve.
Point is (0 : 726*z^19 - 726*z^17 + 363*z^16 - 363*z^15 + 726*z^13 - 363*z^12 - 363*z^11 + 726*z^10 - 363*z^9 + 726*z^7 - 726*z^6 + 363*z^5 - 363*z^3 - 545 : 1).
Image of cusp 8 has order 1 on elliptic curve.
Point is (0 : 1 : 0).
Image of cusp 9 has order 3 on elliptic curve.
Point is (0 : 726*z^19 - 726*z^17 + 363*z^16 - 363*z^15 + 726*z^13 - 363*z^12 - 363*z^11 + 726*z^10 - 363*z^9 + 726*z^7 - 726*z^6 + 363*z^5 - 363*z^3 - 545 : 1).
Image of cusp 10 has order 1 on elliptic curve.
Point is (0 : 1 : 0).
Tweaking precision.
Guaranteed to find map in degree 2.
Old preclist = [ 248, 248, 248, 248, 248, 248, 248, 248, 248, 248 ].
precsum = 332, multiplier = 10, powerprec = 43.
Setting powerprec = 43.
New preclist = [ 43, 43, 43, 43, 43, 43, 43, 43, 43, 43 ].
Finding elliptic curve map 1.
Computing Fourier expansions of x and y modular functions at cusp 1 of 10.
Computing Fourier expansions of x and y modular functions at cusp 2 of 10.
Computing Fourier expansions of x and y modular functions at cusp 3 of 10.
Computing Fourier expansions of x and y modular functions at cusp 4 of 10.
Computing Fourier expansions of x and y modular functions at cusp 5 of 10.
Computing Fourier expansions of x and y modular functions at cusp 6 of 10.
Computing Fourier expansions of x and y modular functions at cusp 7 of 10.
Computing Fourier expansions of x and y modular functions at cusp 8 of 10.
Computing Fourier expansions of x and y modular functions at cusp 9 of 10.
Computing Fourier expansions of x and y modular functions at cusp 10 of 10.
Realizing x,y over cyclotomic field.
Computing Grobner basis for ideal.
Grobner basis time was 0.050.
Generating cyclotomic canonical ring.
Generating degree 1 piece of canonical ring.
Searching for map 1 of 1.
For d = 1, dimension of null space is 0.
Null space time was 0.060 sec.
Generating degree 2 piece of canonical ring.
Searching for map 1 of 1.
For d = 2, dimension of null space is 18.
Null space time was 1.680 sec.
Null space vector 11 of 18 is good.
Time to realize x,y over cyclotomic field: 3.270
Starting cyclotomic map evaluation.
Map 1 goes from XG to curve [ 0, 0, 1, 0, 1087094 ]. Base point (0 : 0 : 0 : 0 : 0 : 0 : 0 : 0 : 0 : 0 : 0 : 1 : 0 : 1 : 0 : 0 : 0 : 0 : 0 : 0 : 0) maps to (0 : 726*z^19 - 726*z^17 + 363*z^16 - 363*z^15 + 726*z^13 - 363*z^12 - 363*z^11 + 726*z^10 - 363*z^9 + 726*z^7 - 726*z^6 + 363*z^5 - 363*z^3 - 545 : 1).
Realizing x,y over rationals.
Generating rational canonical ring.
Searching for map 1 of 1 in degree 2.
Matrix size is 180 x 15600.
For d = 2, dimension of null space is 18.
Null space time was 0.400 sec.
Nicefying 18x180 matrix.
Checking map equation 1 of 5.
Checking map equation 2 of 5.
Checking compatability of map equation 1 and 2.
Checking map equation 3 of 5.
Checking compatability of map equation 1 and 3.
Checking compatability of map equation 2 and 3.
Checking map equation 4 of 5.
Checking compatability of map equation 1 and 4.
Checking compatability of map equation 2 and 4.
Checking compatability of map equation 3 and 4.
Checking map equation 5 of 5.
Checking compatability of map equation 1 and 5.
Checking compatability of map equation 2 and 5.
Checking compatability of map equation 3 and 5.
Checking compatability of map equation 4 and 5.
Time to realize x,y over rationals: 2.730
Pulling back points
Map to elliptic curve has 5 defining polynomials.
The codomain of the map is a rank 0 elliptic curve: [ 0, 0, 1, 0, 1087094 ]
The set of rational points of this elliptic curve is:
Pulling back point (0 : 1 : 0).
Beginning test of p = 5.
Tested p = 5. There are 4 points, of which 2 are singular.
Beginning test of p = 7.
Tested p = 7. There are 7 points, of which 4 are singular.
Beginning test of p = 13.
Tested p = 13. There are 4 points, of which 1 are singular.
Beginning test of p = 17.
Tested p = 17. There are 4 points, of which 2 are singular.
Beginning test of p = 19.
Tested p = 19. There are 4 points, of which 1 are singular.
Beginning test of p = 23.
Tested p = 23. There are 4 points, of which 2 are singular.
Beginning test of p = 29.
Tested p = 29. There are 4 points, of which 2 are singular.
Beginning test of p = 31.
Tested p = 31. There are 1 points, of which 1 are singular.
Beginning test of p = 37.
Tested p = 37. There are 4 points, of which 1 are singular.
Beginning test of p = 41.
Tested p = 41. There are 4 points, of which 2 are singular.
Beginning test of p = 43.
Tested p = 43. There are 7 points, of which 4 are singular.
Beginning test of p = 47.
Tested p = 47. There are 4 points, of which 2 are singular.
Beginning test of p = 53.
Tested p = 53. There are 4 points, of which 2 are singular.
Beginning test of p = 59.
Tested p = 59. There are 4 points, of which 2 are singular.
Beginning test of p = 61.
Tested p = 61. There are 7 points, of which 1 are singular.
Beginning test of p = 67.
Tested p = 67. There are 4 points, of which 4 are singular.
Beginning test of p = 71.
Tested p = 71. There are 4 points, of which 2 are singular.
Beginning test of p = 73.
Tested p = 73. There are 4 points, of which 4 are singular.
Beginning test of p = 79.
Tested p = 79. There are 4 points, of which 4 are singular.
Beginning test of p = 83.
Tested p = 83. There are 4 points, of which 2 are singular.
Beginning test of p = 89.
Tested p = 89. There are 4 points, of which 2 are singular.
Beginning test of p = 97.
Tested p = 97. There are 4 points, of which 4 are singular.
Beginning test of p = 101.
Tested p = 101. There are 4 points, of which 2 are singular.
Beginning test of p = 103.
Tested p = 103. There are 4 points, of which 4 are singular.
Fall back to built-in function - no non-singular reduction found.
Found rational point (0 : 0 : 0 : 0 : 0 : 0 : 0 : 0 : 0 : 0 : 0 : 1 : 0 : 1 : 0 : 0 : 0 : 0 : 0 : 0 : 0).
There is 1 rational point on the given modular curve.
It is [ (0 : 0 : 0 : 0 : 0 : 0 : 0 : 0 : 0 : 0 : 0 : 1 : 0 : 1 : 0 : 0 : 0 : 0 : 0 : 0 : 0) ].
Time to pull back points: 3.850
Label: 33.330.21.a.1
Number of rational cusps: 0
Number of CM points: 1
Multiset of CM j-invariants: {* 0 *}
Number of non-CM points: 0
Multiset of non-CM j-invariants: {* *}
Total time needed was 1091.420 sec.

Starting curve 6 with label 42.126.7.c.1.
Choosing power series precision = 324.
Creating model with power series precision 324.
Model found. Now increasing precision.
Precision increase done.
Trying to find Hecke matrix for p = 5.
Trying to find Hecke matrix for p = 11.
Trying to find Hecke matrix for p = 13.
Trying to find Hecke matrix for p = 17.
Trying to find Hecke matrix for p = 19.
Trying to find Hecke matrix for p = 23.
Trying to find Hecke matrix for p = 29.
Trying to find Hecke matrix for p = 31.
Trying to find Hecke matrix for p = 37.
Trying to find Hecke matrix for p = 41.
Trying to find Hecke matrix for p = 43.
Trying to find Hecke matrix for p = 47.
Trying to find Hecke matrix for p = 53.
Trying to find Hecke matrix for p = 59.
Nicefying 1x11628 matrix.
Nicefying 1x11628 matrix.
Nicefying 1x11628 matrix.
Nicefying 1x11628 matrix.
Nicefying 1x11628 matrix.
Nicefying 1x11628 matrix.
Fourier coefficient size diagnostic.
True max = 34.8453349236693789876392044314.
Bound is = 126.
Computing periods of 20 matrices (max length 50).
Best elliptic curve 1 is [ 0, 0, 0, -4116, -84035 ]. The Manin constant is 1/882.
Starting modular degree computation.
Computing 126 periods.
Analytic modular degree is 28.
Time to compute analytic modular degree: 40.790
Best elliptic curve 1 is [ 0, 0, 0, 57624, -1142876 ]. The Manin constant is 1/882.
Starting modular degree computation.
Computing 126 periods.
Analytic modular degree is 210.
Time to compute analytic modular degree: 45.640
Best elliptic curve 1 is [ 0, 0, 0, 2940, -20923 ]. The Manin constant is 1/882.
Starting modular degree computation.
Computing 126 periods.
Analytic modular degree is 12.
Time to compute analytic modular degree: 37.210
Best elliptic curve 1 is [ 0, 0, 0, -84, 245 ]. The Manin constant is 1/882.
Starting modular degree computation.
Computing 126 periods.
Analytic modular degree is 4.
Time to compute analytic modular degree: 41.160
Best elliptic curve 1 is [ 0, 0, 0, -21, -7 ]. The Manin constant is 1/882.
Starting modular degree computation.
Computing 126 periods.
Analytic modular degree is 15.
Time to compute analytic modular degree: 46.440
Best elliptic curve 1 is [ 0, 0, 0, -588, -22295 ]. The Manin constant is 1/882.
Starting modular degree computation.
Computing 126 periods.
Analytic modular degree is 12.
Time to compute analytic modular degree: 43.550
Minimal modular degree is 4. Choosing elliptic curve [ 0, 0, 0, -84, 245 ].
Image of cusp 1 has order 1 on elliptic curve.
Point is (0 : 1 : 0).
Image of cusp 2 has order 1 on elliptic curve.
Point is (0 : 1 : 0).
Image of cusp 3 has order 1 on elliptic curve.
Point is (0 : 1 : 0).
Tweaking precision.
Guaranteed to find map in degree 2.
Old preclist = [ 324, 324, 324 ].
precsum = 128, multiplier = 3, powerprec = 52.
Setting powerprec = 52.
New preclist = [ 52, 52, 52 ].
Finding elliptic curve map 1.
Computing Fourier expansions of x and y modular functions at cusp 1 of 3.
Computing Fourier expansions of x and y modular functions at cusp 2 of 3.
Computing Fourier expansions of x and y modular functions at cusp 3 of 3.
Realizing x,y over cyclotomic field.
Computing Grobner basis for ideal.
Grobner basis time was 0.000.
Generating cyclotomic canonical ring.
Generating degree 1 piece of canonical ring.
Searching for map 1 of 1.
For d = 1, dimension of null space is 0.
Null space time was 0.000 sec.
Generating degree 2 piece of canonical ring.
Searching for map 1 of 1.
For d = 2, dimension of null space is 6.
Null space time was 0.020 sec.
Null space vector 5 of 6 is good.
Time to realize x,y over cyclotomic field: 0.090
Starting cyclotomic map evaluation.
Map 1 goes from XG to curve [ 0, 0, 0, -84, 245 ]. Base point (0 : -1 : -1 : 0 : 0 : -1 : 1) maps to (0 : 1 : 0).
Realizing x,y over rationals.
Generating rational canonical ring.
Searching for map 1 of 1 in degree 2.
Matrix size is 54 x 3672.
For d = 2, dimension of null space is 6.
Null space time was 0.010 sec.
Nicefying 6x54 matrix.
Checking map equation 1 of 5.
Checking map equation 2 of 5.
Checking compatability of map equation 1 and 2.
Checking map equation 3 of 5.
Checking compatability of map equation 1 and 3.
Checking compatability of map equation 2 and 3.
Checking map equation 4 of 5.
Checking compatability of map equation 1 and 4.
Checking compatability of map equation 2 and 4.
Checking compatability of map equation 3 and 4.
Checking map equation 5 of 5.
Checking compatability of map equation 1 and 5.
Checking compatability of map equation 2 and 5.
Checking compatability of map equation 3 and 5.
Checking compatability of map equation 4 and 5.
Time to realize x,y over rationals: 0.140
Pulling back points
Map to elliptic curve has 5 defining polynomials.
The codomain of the map is a rank 0 elliptic curve: [ 0, 0, 0, -84, 245 ]
The set of rational points of this elliptic curve is:
Pulling back point (0 : 1 : 0).
Beginning test of p = 5.
Tested p = 5. There are 1 points, of which 0 are singular.
Lifting mod p point (0 : 4 : 4 : 0 : 0 : 4 : 1).
We found a rational point (0 : -1 : -1 : 0 : 0 : -1 : 1).
Mod 5 there are 1 points, all of which are non-singular.
The reduction mod p map from X(Q) -> X(F_5) is bijective. We're done!
Pulling back point (7 : 0 : 1).
Beginning test of p = 5.
Tested p = 5. There are 0 points, of which 0 are singular.
Mod 5 there are 0 points, all of which are non-singular.
The reduction mod p map from X(Q) -> X(F_5) is bijective. We're done!
There is 1 rational point on the given modular curve.
It is [ (0 : -1 : -1 : 0 : 0 : -1 : 1) ].
Time to pull back points: 0.020
Label: 42.126.7.c.1
Number of rational cusps: 0
Number of CM points: 1
Multiset of CM j-invariants: {* 1728 *}
Number of non-CM points: 0
Multiset of non-CM j-invariants: {* *}
Total time needed was 302.360 sec.

Starting curve 7 with label 42.126.10.b.1.
Choosing power series precision = 567.
Creating model with power series precision 567.
Model found. Now increasing precision.
Precision increase done.
Trying to find Hecke matrix for p = 5.
Nicefying 1x20376 matrix.
Fourier coefficient size diagnostic.
True max = 7.82013893366876693144709941876.
Bound is = 126.
Computing periods of 20 matrices (max length 50).
Best elliptic curve 1 is [ 1, -1, 1, 64, -13597 ]. The Manin constant is 1/294.
Starting modular degree computation.
Computing 126 periods.
Analytic modular degree is 126.
Time to compute analytic modular degree: 123.060
Minimal modular degree is 126. Choosing elliptic curve [ 1, -1, 1, 64, -13597 ].
Image of cusp 1 has order 1 on elliptic curve.
Point is (0 : 1 : 0).
Image of cusp 2 has order 1 on elliptic curve.
Point is (0 : 1 : 0).
Image of cusp 3 has order 1 on elliptic curve.
Point is (0 : 1 : 0).
Tweaking precision.
Guaranteed to find map in degree 22.
Old preclist = [ 567, 567, 567 ].
precsum = 1388, multiplier = 3, powerprec = 472.
Setting powerprec = 472.
New preclist = [ 472, 472, 472 ].
Finding elliptic curve map 1.
Computing Fourier expansions of x and y modular functions at cusp 1 of 3.
Computing Fourier expansions of x and y modular functions at cusp 2 of 3.
Computing Fourier expansions of x and y modular functions at cusp 3 of 3.
Realizing x,y over cyclotomic field.
Computing Grobner basis for ideal.
Grobner basis time was 0.020.
Generating cyclotomic canonical ring.
Generating degree 1 piece of canonical ring.
Generating degree 2 piece of canonical ring.
Generating degree 3 piece of canonical ring.
Generating degree 4 piece of canonical ring.
Generating degree 5 piece of canonical ring.
Generating degree 6 piece of canonical ring.
Generating degree 7 piece of canonical ring.
Generating degree 8 piece of canonical ring.
Generating degree 9 piece of canonical ring.
Generating degree 10 piece of canonical ring.
Generating degree 11 piece of canonical ring.
Generating degree 12 piece of canonical ring.
Generating degree 13 piece of canonical ring.
Generating degree 14 piece of canonical ring.
Generating degree 15 piece of canonical ring.
Generating degree 16 piece of canonical ring.
Generating degree 17 piece of canonical ring.
Generating degree 18 piece of canonical ring.
Generating degree 19 piece of canonical ring.
Generating degree 20 piece of canonical ring.
Generating degree 21 piece of canonical ring.
Searching for map 1 of 1.
For d = 21, dimension of null space is 0.
Null space time was 10.270 sec.
Generating degree 22 piece of canonical ring.
Searching for map 1 of 1.
For d = 22, dimension of null space is 9.
Null space time was 2602.070 sec.
Null space vector 1 of 9 is good.
Time to realize x,y over cyclotomic field: 11121.050
Starting cyclotomic map evaluation.
Map 1 goes from XG to curve [ 1, -1, 1, 64, -13597 ]. Base point (-3/4 : -3/4 : 1/2 : -1/4 : 1/2 : -1/8 : 1/2 : 3/2 : 0 : 1) maps to (0 : 1 : 0).
Realizing x,y over rationals.
Generating rational canonical ring.
Searching for map 1 of 1 in degree 22.
Matrix size is 1161 x 33912.
For d = 22, dimension of null space is 9.
Null space time was 12674.650 sec.
Nicefying 9x1161 matrix.
Checking map equation 1 of 5.
Checking map equation 2 of 5.
Checking compatability of map equation 1 and 2.
Checking map equation 3 of 5.
Checking compatability of map equation 1 and 3.
Checking compatability of map equation 2 and 3.
Checking map equation 4 of 5.
Checking compatability of map equation 1 and 4.
Checking compatability of map equation 2 and 4.
Checking compatability of map equation 3 and 4.
Checking map equation 5 of 5.
Checking compatability of map equation 1 and 5.
Checking compatability of map equation 2 and 5.
Checking compatability of map equation 3 and 5.
Checking compatability of map equation 4 and 5.
Time to realize x,y over rationals: 13915.790
Pulling back points
Map to elliptic curve has 5 defining polynomials.
The codomain of the map is a rank 0 elliptic curve: [ 1, -1, 1, 64, -13597 ]
The set of rational points of this elliptic curve is:
Pulling back point (0 : 1 : 0).
Beginning test of p = 5.
Tested p = 5. There are 1 points, of which 0 are singular.
Lifting mod p point (3 : 3 : 3 : 1 : 3 : 3 : 3 : 4 : 0 : 1).
We found a rational point (-3/4 : -3/4 : 1/2 : -1/4 : 1/2 : -1/8 : 1/2 : 3/2 : 0 : 1).
Mod 5 there are 1 points, all of which are non-singular.
The reduction mod p map from X(Q) -> X(F_5) is bijective. We're done!
Pulling back point (37 : 177 : 1).
Beginning test of p = 5.
Tested p = 5. There are 4 points, of which 1 are singular.
Beginning test of p = 11.
Tested p = 11. There are 3 points, of which 0 are singular.
Lifting mod p point (5 : 5 : 7 : 5 : 5 : 6 : 9 : 10 : 9 : 1).
We didn't find a rational point.
Lifting mod p point (10 : 2 : 5 : 7 : 0 : 2 : 1 : 9 : 3 : 1).
We didn't find a rational point.
Lifting mod p point (10 : 3 : 2 : 7 : 0 : 1 : 1 : 8 : 3 : 1).
We didn't find a rational point.
Mod 11 there are 3 points, all of which are non-singular.
Mod 17 there are 0 points, all of which are non-singular.
The reduction mod p map from X(Q) -> X(F_17) is bijective. We're done!
Pulling back point (37 : -215 : 1).
Beginning test of p = 5.
Tested p = 5. There are 4 points, of which 1 are singular.
Beginning test of p = 11.
Tested p = 11. There are 0 points, of which 0 are singular.
Mod 11 there are 0 points, all of which are non-singular.
The reduction mod p map from X(Q) -> X(F_11) is bijective. We're done!
There is 1 rational point on the given modular curve.
It is [ (-3/4 : -3/4 : 1/2 : -1/4 : 1/2 : -1/8 : 1/2 : 3/2 : 0 : 1) ].
Time to pull back points: 24.970
Label: 42.126.10.b.1
Number of rational cusps: 0
Number of CM points: 1
Multiset of CM j-invariants: {* 1728 *}
Number of non-CM points: 0
Multiset of non-CM j-invariants: {* *}
Total time needed was 37899.840 sec.

Starting curve 8 with label 42.168.11.a.1.
Choosing power series precision = 324.
Creating model with power series precision 324.
Model found. Now increasing precision.
Precision increase done.
Trying to find Hecke matrix for p = 5.
Trying to find Hecke matrix for p = 11.
Trying to find Hecke matrix for p = 13.
Trying to find Hecke matrix for p = 17.
Trying to find Hecke matrix for p = 19.
Trying to find Hecke matrix for p = 23.
Trying to find Hecke matrix for p = 29.
Trying to find Hecke matrix for p = 31.
Trying to find Hecke matrix for p = 37.
Trying to find Hecke matrix for p = 41.
Trying to find Hecke matrix for p = 43.
Trying to find Hecke matrix for p = 47.
Trying to find Hecke matrix for p = 53.
Trying to find Hecke matrix for p = 59.
Nicefying 1x15504 matrix.
Nicefying 1x15504 matrix.
Nicefying 1x15504 matrix.
Nicefying 1x15504 matrix.
Nicefying 1x15504 matrix.
Nicefying 1x15504 matrix.
Nicefying 1x15504 matrix.
Fourier coefficient size diagnostic.
True max = 24.2487113059642821093842487811.
Bound is = 126.
Computing periods of 20 matrices (max length 50).
Best elliptic curve 1 is [ 0, 0, 0, 60, 61 ]. The Manin constant is 1/126.
Starting modular degree computation.
Computing 168 periods.
Analytic modular degree is 16.
Time to compute analytic modular degree: 46.430
Best elliptic curve 1 is [ 0, 0, 0, -4116, -84035 ]. The Manin constant is 1/882.
Starting modular degree computation.
Computing 168 periods.
Analytic modular degree is 56.
Time to compute analytic modular degree: 59.350
Best elliptic curve 1 is [ 0, 0, 0, 57624, -1142876 ]. The Manin constant is 1/882.
Starting modular degree computation.
Computing 168 periods.
Analytic modular degree is 210.
Time to compute analytic modular degree: 64.400
Best elliptic curve 1 is [ 0, 0, 0, 2940, -20923 ]. The Manin constant is 1/882.
Starting modular degree computation.
Computing 168 periods.
Analytic modular degree is 48.
Time to compute analytic modular degree: 52.320
Best elliptic curve 1 is [ 0, 0, 0, -84, 245 ]. The Manin constant is 1/882.
Starting modular degree computation.
Computing 168 periods.
Analytic modular degree is 8.
Time to compute analytic modular degree: 59.490
Best elliptic curve 1 is [ 0, 0, 0, -21, -7 ]. The Manin constant is 1/882.
Starting modular degree computation.
Computing 168 periods.
Analytic modular degree is 15.
Time to compute analytic modular degree: 65.380
Best elliptic curve 1 is [ 0, 0, 0, -588, -22295 ]. The Manin constant is 1/882.
Starting modular degree computation.
Computing 168 periods.
Analytic modular degree is 48.
Time to compute analytic modular degree: 60.980
Minimal modular degree is 8. Choosing elliptic curve [ 0, 0, 0, -84, 245 ].
Image of cusp 1 has order 1 on elliptic curve.
Point is (0 : 1 : 0).
Image of cusp 2 has order 1 on elliptic curve.
Point is (0 : 1 : 0).
Image of cusp 3 has order 1 on elliptic curve.
Point is (0 : 1 : 0).
Image of cusp 4 has order 1 on elliptic curve.
Point is (0 : 1 : 0).
Tweaking precision.
Guaranteed to find map in degree 2.
Old preclist = [ 324, 324, 324, 324 ].
precsum = 170, multiplier = 4, powerprec = 52.
Setting powerprec = 52.
New preclist = [ 52, 52, 52, 52 ].
Finding elliptic curve map 1.
Computing Fourier expansions of x and y modular functions at cusp 1 of 4.
Computing Fourier expansions of x and y modular functions at cusp 2 of 4.
Computing Fourier expansions of x and y modular functions at cusp 3 of 4.
Computing Fourier expansions of x and y modular functions at cusp 4 of 4.
Realizing x,y over cyclotomic field.
Computing Grobner basis for ideal.
Grobner basis time was 0.010.
Generating cyclotomic canonical ring.
Generating degree 1 piece of canonical ring.
Searching for map 1 of 1.
For d = 1, dimension of null space is 0.
Null space time was 0.010 sec.
Generating degree 2 piece of canonical ring.
Searching for map 1 of 1.
For d = 2, dimension of null space is 6.
Null space time was 0.070 sec.
Null space vector 5 of 6 is good.
Time to realize x,y over cyclotomic field: 0.300
Starting cyclotomic map evaluation.
Map 1 goes from XG to curve [ 0, 0, 0, -84, 245 ]. Base point (0 : 0 : 0 : 1/2 : -1/2 : 0 : 0 : 3/2 : 0 : 1 : 0) maps to (0 : 1 : 0).
Realizing x,y over rationals.
Generating rational canonical ring.
Searching for map 1 of 1 in degree 2.
Matrix size is 90 x 4896.
For d = 2, dimension of null space is 6.
Null space time was 0.040 sec.
Nicefying 6x90 matrix.
Checking map equation 1 of 5.
Checking map equation 2 of 5.
Checking compatability of map equation 1 and 2.
Checking map equation 3 of 5.
Checking compatability of map equation 1 and 3.
Checking compatability of map equation 2 and 3.
Checking map equation 4 of 5.
Checking compatability of map equation 1 and 4.
Checking compatability of map equation 2 and 4.
Checking compatability of map equation 3 and 4.
Checking map equation 5 of 5.
Checking compatability of map equation 1 and 5.
Checking compatability of map equation 2 and 5.
Checking compatability of map equation 3 and 5.
Checking compatability of map equation 4 and 5.
Time to realize x,y over rationals: 0.450
Pulling back points
Map to elliptic curve has 5 defining polynomials.
The codomain of the map is a rank 0 elliptic curve: [ 0, 0, 0, -84, 245 ]
The set of rational points of this elliptic curve is:
Pulling back point (0 : 1 : 0).
Beginning test of p = 13.
Tested p = 13. There are 4 points, of which 0 are singular.
Lifting mod p point (0 : 0 : 0 : 0 : 0 : 7 : 0 : 12 : 11 : 2 : 1).
We didn't find a rational point.
Lifting mod p point (0 : 0 : 0 : 0 : 0 : 8 : 0 : 12 : 11 : 5 : 1).
We didn't find a rational point.
Lifting mod p point (0 : 0 : 0 : 0 : 0 : 10 : 0 : 12 : 11 : 4 : 1).
We didn't find a rational point.
Lifting mod p point (0 : 0 : 0 : 7 : 6 : 0 : 0 : 8 : 0 : 1 : 0).
We found a rational point (0 : 0 : 0 : 1/2 : -1/2 : 0 : 0 : 3/2 : 0 : 1 : 0).
Mod 13 there are 4 points, all of which are non-singular.
Mod 17 there are 1 points, all of which are non-singular.
The reduction mod p map from X(Q) -> X(F_17) is bijective. We're done!
Pulling back point (7 : 0 : 1).
Beginning test of p = 13.
Tested p = 13. There are 0 points, of which 0 are singular.
Mod 13 there are 0 points, all of which are non-singular.
The reduction mod p map from X(Q) -> X(F_13) is bijective. We're done!
There is 1 rational point on the given modular curve.
It is [ (0 : 0 : 0 : 1/2 : -1/2 : 0 : 0 : 3/2 : 0 : 1 : 0) ].
Time to pull back points: 0.330
Label: 42.168.11.a.1
Number of rational cusps: 1
Number of CM points: 0
Multiset of CM j-invariants: {* *}
Number of non-CM points: 0
Multiset of non-CM j-invariants: {* *}
Total time needed was 462.560 sec.

Starting curve 9 with label 42.168.11.c.1.
Choosing power series precision = 162.
Creating model with power series precision 162.
Model found. Now increasing precision.
Precision increase done.
Trying to find Hecke matrix for p = 5.
Trying to find Hecke matrix for p = 11.
Trying to find Hecke matrix for p = 13.
Trying to find Hecke matrix for p = 17.
Trying to find Hecke matrix for p = 19.
Trying to find Hecke matrix for p = 23.
Trying to find Hecke matrix for p = 29.
Trying to find Hecke matrix for p = 31.
Trying to find Hecke matrix for p = 37.
Representation is not unique for Hecke operator T_37. Increasing precision may help.
Representation is not unique for Hecke operator T_37. Increasing precision may help.
Representation is not unique for Hecke operator T_37. Increasing precision may help.
Representation is not unique for Hecke operator T_37. Increasing precision may help.
Representation is not unique for Hecke operator T_37. Increasing precision may help.
Representation is not unique for Hecke operator T_37. Increasing precision may help.
Representation is not unique for Hecke operator T_37. Increasing precision may help.
Representation is not unique for Hecke operator T_37. Increasing precision may help.
Representation is not unique for Hecke operator T_37. Increasing precision may help.
Representation is not unique for Hecke operator T_37. Increasing precision may help.
Representation is not unique for Hecke operator T_37. Increasing precision may help.
Trying to find Hecke matrix for p = 41.
Representation is not unique for Hecke operator T_41. Increasing precision may help.
Representation is not unique for Hecke operator T_41. Increasing precision may help.
Representation is not unique for Hecke operator T_41. Increasing precision may help.
Representation is not unique for Hecke operator T_41. Increasing precision may help.
Representation is not unique for Hecke operator T_41. Increasing precision may help.
Representation is not unique for Hecke operator T_41. Increasing precision may help.
Representation is not unique for Hecke operator T_41. Increasing precision may help.
Representation is not unique for Hecke operator T_41. Increasing precision may help.
Representation is not unique for Hecke operator T_41. Increasing precision may help.
Representation is not unique for Hecke operator T_41. Increasing precision may help.
Representation is not unique for Hecke operator T_41. Increasing precision may help.
Trying to find Hecke matrix for p = 43.
Representation is not unique for Hecke operator T_43. Increasing precision may help.
Representation is not unique for Hecke operator T_43. Increasing precision may help.
Representation is not unique for Hecke operator T_43. Increasing precision may help.
Representation is not unique for Hecke operator T_43. Increasing precision may help.
Representation is not unique for Hecke operator T_43. Increasing precision may help.
Representation is not unique for Hecke operator T_43. Increasing precision may help.
Representation is not unique for Hecke operator T_43. Increasing precision may help.
Representation is not unique for Hecke operator T_43. Increasing precision may help.
Representation is not unique for Hecke operator T_43. Increasing precision may help.
Representation is not unique for Hecke operator T_43. Increasing precision may help.
Representation is not unique for Hecke operator T_43. Increasing precision may help.
Nicefying 1x7728 matrix.
Nicefying 1x7728 matrix.
Nicefying 1x7728 matrix.
Nicefying 1x7728 matrix.
Nicefying 1x7728 matrix.
Fourier coefficient size diagnostic.
True max = 6.92820323027550917410978536602.
Bound is = 126.
Computing periods of 20 matrices (max length 50).
Best elliptic curve 1 is [ 0, 0, 0, 60, 61 ]. The Manin constant is 1/126.
Starting modular degree computation.
Computing 168 periods.
Analytic modular degree is 48.
Time to compute analytic modular degree: 24.960
Best elliptic curve 1 is [ 0, 0, 0, -4116, -84035 ]. The Manin constant is 1/882.
Starting modular degree computation.
Computing 168 periods.
Analytic modular degree is 8.
Time to compute analytic modular degree: 27.360
Best elliptic curve 1 is [ 0, 0, 0, 2940, -20923 ]. The Manin constant is 1/882.
Starting modular degree computation.
Computing 168 periods.
Analytic modular degree is 16.
Time to compute analytic modular degree: 23.730
Best elliptic curve 1 is [ 0, 0, 0, -84, 245 ]. The Manin constant is 1/126.
Starting modular degree computation.
Computing 168 periods.
Analytic modular degree is 56.
Time to compute analytic modular degree: 27.340
Failed to identify the curve
ISSUE WITH LABEL 42.168.11.c.1.
ERROR IS 
FindMapsToEC(
ModEC: rec<recformat<N, gens, ainvlist, multlist, nummaps, CheckLoc...,
ainvlist: [ [ 0, 0, 0, 60, 61 ], [ 0, 0, 0, -4116, -84035 ], [ 0, 0, 0...,
multlist: [ 1, 1, 1, 1, 1 ]
)
PickBestECs(
ModEC: rec<recformat<N, gens, ainvlist, multlist, nummaps, CheckLoc...
)
IdentifyEC(
iso: [ Elliptic Curve defined by y^2 = x^3 - 588*x - 22295 over R...,
sgn: 1,
per: [ 0.1739982148, 1.184078871E-6*i ]
)
In file "/home/rouseja/research/2024/smallsurj/rerun/ModCrvToECv2.m", line 401, column 5:
>>     assert false;
       ^
Runtime error in assert: Assertion failed.
Time before error was 116.720 sec.
Starting curve 10 with label 42.168.11.d.1.
Choosing power series precision = 324.
Creating model with power series precision 324.
Model found. Now increasing precision.
Precision increase done.
Trying to find Hecke matrix for p = 5.
Trying to find Hecke matrix for p = 11.
Trying to find Hecke matrix for p = 13.
Trying to find Hecke matrix for p = 17.
Trying to find Hecke matrix for p = 19.
Trying to find Hecke matrix for p = 23.
Trying to find Hecke matrix for p = 29.
Trying to find Hecke matrix for p = 31.
Trying to find Hecke matrix for p = 37.
Trying to find Hecke matrix for p = 41.
Trying to find Hecke matrix for p = 43.
Trying to find Hecke matrix for p = 47.
Trying to find Hecke matrix for p = 53.
Trying to find Hecke matrix for p = 59.
Nicefying 1x15504 matrix.
Nicefying 1x15504 matrix.
Nicefying 1x15504 matrix.
Nicefying 1x15504 matrix.
Nicefying 1x15504 matrix.
Nicefying 1x15504 matrix.
Fourier coefficient size diagnostic.
True max = 5.29150262212918118100323150728.
Bound is = 126.
Computing periods of 20 matrices (max length 50).
Best elliptic curve 1 is [ 0, -1, 0, -1, -2 ]. The Manin constant is 1/42.
Starting modular degree computation.
Computing 168 periods.
Analytic modular degree is 48.
Time to compute analytic modular degree: 57.040
Best elliptic curve 1 is [ 0, 1, 0, 7, 0 ]. The Manin constant is 1/42.
Starting modular degree computation.
Computing 168 periods.
Analytic modular degree is 48.
Time to compute analytic modular degree: 49.040
Best elliptic curve 1 is [ 0, 1, 0, -114, -127 ]. The Manin constant is 1/294.
Starting modular degree computation.
Computing 168 periods.
Analytic modular degree is 15.
Time to compute analytic modular degree: 63.150
Best elliptic curve 1 is [ 0, -1, 0, 131, -167 ]. The Manin constant is 1/42.
Starting modular degree computation.
Computing 168 periods.
Analytic modular degree is 210.
Time to compute analytic modular degree: 62.170
Best elliptic curve 1 is [ 0, 1, 0, -65, 804 ]. The Manin constant is 1/294.
Starting modular degree computation.
Computing 168 periods.
Analytic modular degree is 16.
Time to compute analytic modular degree: 56.210
Best elliptic curve 1 is [ 0, 1, 0, -457, 2960 ]. The Manin constant is 1/294.
Starting modular degree computation.
Computing 168 periods.
Analytic modular degree is 8.
Time to compute analytic modular degree: 56.530
Minimal modular degree is 8. Choosing elliptic curve [ 0, 1, 0, -457, 2960 ].
Image of cusp 1 has order 1 on elliptic curve.
Point is (0 : 1 : 0).
Image of cusp 2 has order 1 on elliptic curve.
Point is (0 : 1 : 0).
Image of cusp 3 has order 1 on elliptic curve.
Point is (0 : 1 : 0).
Image of cusp 4 has order 1 on elliptic curve.
Point is (0 : 1 : 0).
Tweaking precision.
Guaranteed to find map in degree 2.
Old preclist = [ 324, 324, 324, 324 ].
precsum = 170, multiplier = 4, powerprec = 52.
Setting powerprec = 52.
New preclist = [ 52, 52, 52, 52 ].
Finding elliptic curve map 1.
Computing Fourier expansions of x and y modular functions at cusp 1 of 4.
Computing Fourier expansions of x and y modular functions at cusp 2 of 4.
Computing Fourier expansions of x and y modular functions at cusp 3 of 4.
Computing Fourier expansions of x and y modular functions at cusp 4 of 4.
Realizing x,y over cyclotomic field.
Computing Grobner basis for ideal.
Grobner basis time was 0.000.
Generating cyclotomic canonical ring.
Generating degree 1 piece of canonical ring.
Searching for map 1 of 1.
For d = 1, dimension of null space is 0.
Null space time was 0.010 sec.
Generating degree 2 piece of canonical ring.
Searching for map 1 of 1.
For d = 2, dimension of null space is 6.
Null space time was 0.060 sec.
Null space vector 4 of 6 is good.
Time to realize x,y over cyclotomic field: 0.260
Starting cyclotomic map evaluation.
Map 1 goes from XG to curve [ 0, 1, 0, -457, 2960 ]. Base point (0 : 0 : 0 : 0 : 0 : 0 : 0 : 0 : 0 : 1 : 0) maps to (0 : 1 : 0).
Realizing x,y over rationals.
Generating rational canonical ring.
Searching for map 1 of 1 in degree 2.
Matrix size is 90 x 4896.
For d = 2, dimension of null space is 6.
Null space time was 0.020 sec.
Nicefying 6x90 matrix.
Checking map equation 1 of 5.
Checking map equation 2 of 5.
Checking compatability of map equation 1 and 2.
Checking map equation 3 of 5.
Checking compatability of map equation 1 and 3.
Checking compatability of map equation 2 and 3.
Checking map equation 4 of 5.
Checking compatability of map equation 1 and 4.
Checking compatability of map equation 2 and 4.
Checking compatability of map equation 3 and 4.
Checking map equation 5 of 5.
Checking compatability of map equation 1 and 5.
Checking compatability of map equation 2 and 5.
Checking compatability of map equation 3 and 5.
Checking compatability of map equation 4 and 5.
Time to realize x,y over rationals: 0.340
Pulling back points
Map to elliptic curve has 5 defining polynomials.
The codomain of the map is a rank 0 elliptic curve: [ 0, 1, 0, -457, 2960 ]
The set of rational points of this elliptic curve is:
Pulling back point (0 : 1 : 0).
Beginning test of p = 5.
Tested p = 5. There are 1 points, of which 0 are singular.
Lifting mod p point (0 : 0 : 0 : 0 : 0 : 0 : 0 : 0 : 0 : 1 : 0).
We found a rational point (0 : 0 : 0 : 0 : 0 : 0 : 0 : 0 : 0 : 1 : 0).
Mod 5 there are 1 points, all of which are non-singular.
The reduction mod p map from X(Q) -> X(F_5) is bijective. We're done!
Pulling back point (16 : 0 : 1).
Beginning test of p = 5.
Tested p = 5. There are 0 points, of which 0 are singular.
Mod 5 there are 0 points, all of which are non-singular.
The reduction mod p map from X(Q) -> X(F_5) is bijective. We're done!
There is 1 rational point on the given modular curve.
It is [ (0 : 0 : 0 : 0 : 0 : 0 : 0 : 0 : 0 : 1 : 0) ].
Time to pull back points: 0.100
Label: 42.168.11.d.1
Number of rational cusps: 1
Number of CM points: 0
Multiset of CM j-invariants: {* *}
Number of non-CM points: 0
Multiset of non-CM j-invariants: {* *}
Total time needed was 399.740 sec.

Starting curve 11 with label 42.168.12.b.1.
Choosing power series precision = 405.
Creating model with power series precision 405.
Model found. Now increasing precision.
Precision increase done.
Trying to find Hecke matrix for p = 5.
Nicefying 1x19392 matrix.
Fourier coefficient size diagnostic.
True max = 12.1243556529821410546921243905.
Bound is = 126.
Computing periods of 20 matrices (max length 50).
Best elliptic curve 1 is [ 1, -1, 1, -41096, -3196637 ]. The Manin constant is 1/882.
Starting modular degree computation.
Computing 168 periods.
Analytic modular degree is 126.
Time to compute analytic modular degree: 96.590
Minimal modular degree is 126. Choosing elliptic curve [ 1, -1, 1, -41096, -3196637 ].
Image of cusp 1 has order 1 on elliptic curve.
Point is (0 : 1 : 0).
Image of cusp 2 has order 1 on elliptic curve.
Point is (0 : 1 : 0).
Image of cusp 3 has order 1 on elliptic curve.
Point is (0 : 1 : 0).
Image of cusp 4 has order 1 on elliptic curve.
Point is (0 : 1 : 0).
Tweaking precision.
Guaranteed to find map in degree 18.
Old preclist = [ 405, 405, 405, 405 ].
precsum = 1514, multiplier = 4, powerprec = 388.
Setting powerprec = 388.
New preclist = [ 388, 388, 388, 388 ].
Finding elliptic curve map 1.
Computing Fourier expansions of x and y modular functions at cusp 1 of 4.
Computing Fourier expansions of x and y modular functions at cusp 2 of 4.
Computing Fourier expansions of x and y modular functions at cusp 3 of 4.
Computing Fourier expansions of x and y modular functions at cusp 4 of 4.
Realizing x,y over cyclotomic field.
Computing Grobner basis for ideal.
Grobner basis time was 0.010.
Generating cyclotomic canonical ring.
Generating degree 1 piece of canonical ring.
Generating degree 2 piece of canonical ring.
Generating degree 3 piece of canonical ring.
Generating degree 4 piece of canonical ring.
Generating degree 5 piece of canonical ring.
Generating degree 6 piece of canonical ring.
Generating degree 7 piece of canonical ring.
Generating degree 8 piece of canonical ring.
Generating degree 9 piece of canonical ring.
Generating degree 10 piece of canonical ring.
Generating degree 11 piece of canonical ring.
Generating degree 12 piece of canonical ring.
Generating degree 13 piece of canonical ring.
Generating degree 14 piece of canonical ring.
Generating degree 15 piece of canonical ring.
Generating degree 16 piece of canonical ring.
Generating degree 17 piece of canonical ring.
Searching for map 1 of 1.
For d = 17, dimension of null space is 0.
Null space time was 7.990 sec.
Generating degree 18 piece of canonical ring.
Searching for map 1 of 1.
For d = 18, dimension of null space is 7.
Null space time was 2896.180 sec.
Null space vector 1 of 7 is good.
Time to realize x,y over cyclotomic field: 9493.160
Starting cyclotomic map evaluation.
Map 1 goes from XG to curve [ 1, -1, 1, -41096, -3196637 ]. Base point (0 : -1/2 : 0 : 0 : 0 : 0 : 0 : 1 : 0 : 0 : 0 : 0) maps to (0 : 1 : 0).
Realizing x,y over rationals.
Generating rational canonical ring.
Searching for map 1 of 1 in degree 18.
Matrix size is 1155 x 37152.
For d = 18, dimension of null space is 7.
Null space time was 9524.750 sec.
Nicefying 7x1155 matrix.
Checking map equation 1 of 5.
Checking map equation 2 of 5.
Checking compatability of map equation 1 and 2.
Checking map equation 3 of 5.
Checking compatability of map equation 1 and 3.
Checking compatability of map equation 2 and 3.
Checking map equation 4 of 5.
Checking compatability of map equation 1 and 4.
Checking compatability of map equation 2 and 4.
Checking compatability of map equation 3 and 4.
Checking map equation 5 of 5.
Checking compatability of map equation 1 and 5.
Checking compatability of map equation 2 and 5.
Checking compatability of map equation 3 and 5.
Checking compatability of map equation 4 and 5.
Time to realize x,y over rationals: 10294.260
Pulling back points
Map to elliptic curve has 5 defining polynomials.
The codomain of the map is a rank 0 elliptic curve: [ 1, -1, 1, -41096, -3196637 ]
The set of rational points of this elliptic curve is:
Pulling back point (0 : 1 : 0).
Beginning test of p = 5.
Tested p = 5. There are 5 points, of which 1 are singular.
Beginning test of p = 13.
Tested p = 13. There are 5 points, of which 0 are singular.
Lifting mod p point (0 : 0 : 0 : 0 : 0 : 0 : 0 : 2 : 4 : 7 : 1 : 0).
We didn't find a rational point.
Lifting mod p point (0 : 0 : 0 : 0 : 0 : 0 : 0 : 4 : 3 : 6 : 1 : 0).
We didn't find a rational point.
Lifting mod p point (0 : 0 : 0 : 0 : 0 : 0 : 0 : 5 : 12 : 9 : 1 : 0).
We didn't find a rational point.
Lifting mod p point (0 : 6 : 0 : 0 : 0 : 0 : 0 : 1 : 0 : 0 : 0 : 0).
We found a rational point (0 : -1/2 : 0 : 0 : 0 : 0 : 0 : 1 : 0 : 0 : 0 : 0).
Lifting mod p point (0 : 0 : 0 : 6 : 7 : 1 : 0 : 0 : 0 : 0 : 0 : 0).
We found a rational point (0 : 0 : 0 : -1/2 : 1/2 : 1 : 0 : 0 : 0 : 0 : 0 : 0).
Mod 13 there are 5 points, all of which are non-singular.
Mod 17 there are 2 points, all of which are non-singular.
The reduction mod p map from X(Q) -> X(F_17) is bijective. We're done!
There are 2 rational points on the given modular curve.
They are [ (0 : -1/2 : 0 : 0 : 0 : 0 : 0 : 1 : 0 : 0 : 0 : 0), (0 : 0 : 0 : -1/2 : 1/2 : 1 : 0 : 0 : 0 : 0 : 0 : 0) ].
Time to pull back points: 56.360
Label: 42.168.12.b.1
Number of rational cusps: 1
Number of CM points: 1
Multiset of CM j-invariants: {* 0 *}
Number of non-CM points: 0
Multiset of non-CM j-invariants: {* *}
Total time needed was 27982.860 sec.

Starting curve 12 with label 42.189.10.a.1.
Choosing power series precision = 203.
Creating model with power series precision 203.
Model found. Now increasing precision.
Precision increase done.
Trying to find Hecke matrix for p = 5.
Nicefying 1x10908 matrix.
Fourier coefficient size diagnostic.
True max = 3.64784622418721673334682571467.
Bound is = 126.
Computing periods of 20 matrices (max length 50).
Best elliptic curve 1 is [ 1, -1, 1, 64, -13597 ]. The Manin constant is 1/294.
Starting modular degree computation.
Computing 189 periods.
Analytic modular degree is 42.
Time to compute analytic modular degree: 53.690
Minimal modular degree is 42. Choosing elliptic curve [ 1, -1, 1, 64, -13597 ].
Image of cusp 1 has order 1 on elliptic curve.
Point is (0 : 1 : 0).
Image of cusp 2 has order 1 on elliptic curve.
Point is (0 : 1 : 0).
Image of cusp 3 has order 3 on elliptic curve.
Point is (37 : 177 : 1).
Image of cusp 4 has order 1 on elliptic curve.
Point is (0 : 1 : 0).
Image of cusp 5 has order 3 on elliptic curve.
Point is (37 : 177 : 1).
Image of cusp 6 has order 3 on elliptic curve.
Point is (37 : 177 : 1).
Tweaking precision.
Guaranteed to find map in degree 8.
Old preclist = [ 203, 203, 102, 203, 102, 102 ].
precsum = 758, multiplier = 9/2, powerprec = 178.
Setting powerprec = 178.
New preclist = [ 178, 178, 89, 178, 89, 89 ].
Finding elliptic curve map 1.
Computing Fourier expansions of x and y modular functions at cusp 1 of 6.
Computing Fourier expansions of x and y modular functions at cusp 2 of 6.
Computing Fourier expansions of x and y modular functions at cusp 3 of 6.
Computing Fourier expansions of x and y modular functions at cusp 4 of 6.
Computing Fourier expansions of x and y modular functions at cusp 5 of 6.
Computing Fourier expansions of x and y modular functions at cusp 6 of 6.
Realizing x,y over cyclotomic field.
Computing Grobner basis for ideal.
Grobner basis time was 0.000.
Generating cyclotomic canonical ring.
Generating degree 1 piece of canonical ring.
Generating degree 2 piece of canonical ring.
Generating degree 3 piece of canonical ring.
Generating degree 4 piece of canonical ring.
Generating degree 5 piece of canonical ring.
Generating degree 6 piece of canonical ring.
Generating degree 7 piece of canonical ring.
Searching for map 1 of 1.
For d = 7, dimension of null space is 0.
Null space time was 0.770 sec.
Generating degree 8 piece of canonical ring.
Searching for map 1 of 1.
For d = 8, dimension of null space is 9.
Null space time was 14.550 sec.
Null space vector 1 of 9 is good.
Time to realize x,y over cyclotomic field: 67.910
Starting cyclotomic map evaluation.
Map 1 goes from XG to curve [ 1, -1, 1, 64, -13597 ]. Base point (-1 : 3 : 2 : 4 : 1 : 3 : 1 : -3 : 1 : 1) maps to (37 : 177 : 1).
Realizing x,y over rationals.
Generating rational canonical ring.
Searching for map 1 of 1 in degree 8.
Matrix size is 405 x 18576.
For d = 8, dimension of null space is 9.
Null space time was 44.830 sec.
Nicefying 9x405 matrix.
Checking map equation 1 of 5.
Checking map equation 2 of 5.
Checking compatability of map equation 1 and 2.
Checking map equation 3 of 5.
Checking compatability of map equation 1 and 3.
Checking compatability of map equation 2 and 3.
Checking map equation 4 of 5.
Checking compatability of map equation 1 and 4.
Checking compatability of map equation 2 and 4.
Checking compatability of map equation 3 and 4.
Checking map equation 5 of 5.
Checking compatability of map equation 1 and 5.
Checking compatability of map equation 2 and 5.
Checking compatability of map equation 3 and 5.
Checking compatability of map equation 4 and 5.
Time to realize x,y over rationals: 82.890
Pulling back points
Map to elliptic curve has 5 defining polynomials.
The codomain of the map is a rank 0 elliptic curve: [ 1, -1, 1, 64, -13597 ]
The set of rational points of this elliptic curve is:
Pulling back point (0 : 1 : 0).
Beginning test of p = 5.
Tested p = 5. There are 2 points, of which 0 are singular.
Lifting mod p point (0 : 2 : 0 : 3 : 3 : 0 : 2 : 0 : 0 : 1).
We found a rational point (0 : -1/2 : 0 : 1/2 : 1/2 : 0 : -1/2 : 0 : 0 : 1).
Lifting mod p point (4 : 3 : 2 : 4 : 1 : 3 : 1 : 2 : 1 : 1).
We found a rational point (-1 : 3 : 2 : 4 : 1 : 3 : 1 : -3 : 1 : 1).
Mod 5 there are 2 points, all of which are non-singular.
The reduction mod p map from X(Q) -> X(F_5) is bijective. We're done!
Pulling back point (37 : 177 : 1).
Beginning test of p = 5.
Tested p = 5. There are 2 points, of which 0 are singular.
Lifting mod p point (2 : 0 : 0 : 3 : 1 : 2 : 3 : 4 : 4 : 1).
We didn't find a rational point.
Lifting mod p point (2 : 1 : 3 : 3 : 4 : 4 : 3 : 3 : 1 : 1).
We found a rational point (-1/2 : -1/4 : 1/2 : -3/4 : 1/4 : -1 : -3/4 : 1/2 : 1 : 1).
Mod 5 there are 2 points, all of which are non-singular.
Mod 11 there are 2 points, all of which are non-singular.
Mod 13 there are 5 points, all of which are non-singular.
Mod 17 there are 1 points, all of which are non-singular.
The reduction mod p map from X(Q) -> X(F_17) is bijective. We're done!
Pulling back point (37 : -215 : 1).
Beginning test of p = 5.
Tested p = 5. There are 2 points, of which 0 are singular.
Lifting mod p point (1 : 3 : 2 : 4 : 3 : 0 : 2 : 3 : 3 : 1).
We found a rational point (-1/4 : -1/8 : 1/8 : 1/4 : 1/2 : 5/8 : 1/8 : 1/2 : -3/4 : 1).
Lifting mod p point (1 : 0 : 4 : 3 : 0 : 1 : 2 : 4 : 1 : 0).
We didn't find a rational point.
Mod 5 there are 2 points, all of which are non-singular.
Mod 11 there are 2 points, all of which are non-singular.
Mod 13 there are 5 points, all of which are non-singular.
Mod 17 there are 1 points, all of which are non-singular.
The reduction mod p map from X(Q) -> X(F_17) is bijective. We're done!
There are 4 rational points on the given modular curve.
They are [ (-1/4 : -1/8 : 1/8 : 1/4 : 1/2 : 5/8 : 1/8 : 1/2 : -3/4 : 1), (-1 : 3 : 2 : 4 : 1 : 3 : 1 : -3 : 1 : 1), (0 : -1/2 : 0 : 1/2 : 1/2 : 0 : -1/2 : 0 : 0 : 1), (-1/2 : -1/4 : 1/2 : -3/4 : 1/4 : -1 : -3/4 : 1/2 : 1 : 1) ].
Time to pull back points: 3.270
Label: 42.189.10.a.1
Number of rational cusps: 0
Number of CM points: 4
Multiset of CM j-invariants: {* 1728^^2, 8000, 287496 *}
Number of non-CM points: 0
Multiset of non-CM j-invariants: {* *}
Total time needed was 321.370 sec.

Starting curve 13 with label 54.216.11.b.1.
Choosing power series precision = 430.
Creating model with power series precision 430.
Model found. Now increasing precision.
Precision increase done.
Trying to find Hecke matrix for p = 5.
Trying to find Hecke matrix for p = 7.
Trying to find Hecke matrix for p = 11.
Trying to find Hecke matrix for p = 13.
Trying to find Hecke matrix for p = 17.
Trying to find Hecke matrix for p = 19.
Trying to find Hecke matrix for p = 23.
Trying to find Hecke matrix for p = 29.
Trying to find Hecke matrix for p = 31.
Trying to find Hecke matrix for p = 37.
Trying to find Hecke matrix for p = 41.
Trying to find Hecke matrix for p = 43.
Trying to find Hecke matrix for p = 47.
Nicefying 1x30780 matrix.
Nicefying 1x30780 matrix.
Nicefying 1x30780 matrix.
Nicefying 1x30780 matrix.
Nicefying 1x30780 matrix.
Nicefying 1x30780 matrix.
Fourier coefficient size diagnostic.
True max = 3.34846298843042761506977583988.
Bound is = 162.
Computing periods of 20 matrices (max length 50).
Best elliptic curve 1 is [ 0, 0, 1, 0, -7 ]. The Manin constant is 1/162.
Starting modular degree computation.
Computing 216 periods.
Analytic modular degree is 9.
Time to compute analytic modular degree: 80.880
Best elliptic curve 1 is [ 1, -1, 0, 12, 8 ]. The Manin constant is 1/162.
Starting modular degree computation.
Computing 216 periods.
Analytic modular degree is 18.
Time to compute analytic modular degree: 202.360
Best elliptic curve 1 is [ 1, -1, 1, -29, -53 ]. The Manin constant is 1/162.
Starting modular degree computation.
Computing 216 periods.
Analytic modular degree is 18.
Time to compute analytic modular degree: 201.730
Best elliptic curve 1 is [ 1, -1, 0, 3, -1 ]. The Manin constant is 1/162.
Starting modular degree computation.
Computing 216 periods.
Analytic modular degree is 6.
Time to compute analytic modular degree: 180.190
Best elliptic curve 1 is [ 1, -1, 1, 25, 1 ]. The Manin constant is 1/162.
Starting modular degree computation.
Computing 216 periods.
Analytic modular degree is 18.
Time to compute analytic modular degree: 180.210
Best elliptic curve 1 is [ 1, -1, 1, -56, -161 ]. The Manin constant is 1/162.
Starting modular degree computation.
Computing 216 periods.
Analytic modular degree is 36.
Time to compute analytic modular degree: 188.180
Minimal modular degree is 6. Choosing elliptic curve [ 1, -1, 0, 3, -1 ].
Image of cusp 1 has order 1 on elliptic curve.
Point is (0 : 1 : 0).
Image of cusp 2 has order 1 on elliptic curve.
Point is (0 : 1 : 0).
Image of cusp 3 has order 3 on elliptic curve.
Point is (1 : 1 : 1).
Image of cusp 4 has order 1 on elliptic curve.
Point is (0 : 1 : 0).
Image of cusp 5 has order 3 on elliptic curve.
Point is (1 : 1 : 1).
Image of cusp 6 has order 3 on elliptic curve.
Point is (1 : 1 : 1).
Image of cusp 7 has order 21 on elliptic curve.
Point is (-2*z^15 - 2*z^12 + z^6 + z^3 + 1 : 4*z^15 + 4*z^12 + 3*z^9 - 2*z^6 - 2*z^3 - 2 : 1).
Image of cusp 8 has order 21 on elliptic curve.
Point is (z^15 + z^12 - 2*z^6 + z^3 + 1 : -2*z^15 - 2*z^12 + 3*z^9 + 4*z^6 - 2*z^3 - 2 : 1).
Image of cusp 9 has order 21 on elliptic curve.
Point is (z^15 + z^12 + z^6 - 2*z^3 + 1 : -2*z^15 - 2*z^12 + 3*z^9 - 2*z^6 + 4*z^3 - 2 : 1).
Image of cusp 10 has order 21 on elliptic curve.
Point is (z^15 - 2*z^12 - 2*z^6 + z^3 + 1 : -2*z^15 + 4*z^12 - 3*z^9 + 4*z^6 - 2*z^3 + 1 : 1).
Image of cusp 11 has order 21 on elliptic curve.
Point is (-2*z^15 + z^12 + z^6 - 2*z^3 + 1 : 4*z^15 - 2*z^12 - 3*z^9 - 2*z^6 + 4*z^3 + 1 : 1).
Image of cusp 12 has order 21 on elliptic curve.
Point is (z^15 + z^12 + z^6 + z^3 + 1 : -2*z^15 - 2*z^12 - 3*z^9 - 2*z^6 - 2*z^3 + 1 : 1).
Tweaking precision.
Guaranteed to find map in degree 2.
Old preclist = [ 430, 430, 48, 430, 48, 48, 48, 48, 48, 48, 48, 48 ].
precsum = 218, multiplier = 4, powerprec = 64.
Setting powerprec = 64.
New preclist = [ 64, 64, 8, 64, 8, 8, 8, 8, 8, 8, 8, 8 ].
Finding elliptic curve map 1.
Computing Fourier expansions of x and y modular functions at cusp 1 of 12.
Computing Fourier expansions of x and y modular functions at cusp 2 of 12.
Computing Fourier expansions of x and y modular functions at cusp 3 of 12.
Computing Fourier expansions of x and y modular functions at cusp 4 of 12.
Computing Fourier expansions of x and y modular functions at cusp 5 of 12.
Computing Fourier expansions of x and y modular functions at cusp 6 of 12.
Computing Fourier expansions of x and y modular functions at cusp 7 of 12.
Computing Fourier expansions of x and y modular functions at cusp 8 of 12.
Computing Fourier expansions of x and y modular functions at cusp 9 of 12.
Computing Fourier expansions of x and y modular functions at cusp 10 of 12.
Computing Fourier expansions of x and y modular functions at cusp 11 of 12.
Computing Fourier expansions of x and y modular functions at cusp 12 of 12.
Realizing x,y over cyclotomic field.
Computing Grobner basis for ideal.
Grobner basis time was 0.000.
Generating cyclotomic canonical ring.
Generating degree 1 piece of canonical ring.
Searching for map 1 of 1.
For d = 1, dimension of null space is 0.
Null space time was 0.010 sec.
Generating degree 2 piece of canonical ring.
Searching for map 1 of 1.
For d = 2, dimension of null space is 12.
Null space time was 0.140 sec.
Null space vector 1 of 12 is good.
Time to realize x,y over cyclotomic field: 0.410
Starting cyclotomic map evaluation.
Map 1 goes from XG to curve [ 1, -1, 0, 3, -1 ]. Base point (0 : 0 : -1/2 : 0 : 0 : 1 : 0 : 0 : 0 : 0 : 0) maps to (1 : 1 : 1).
Realizing x,y over rationals.
Generating rational canonical ring.
Searching for map 1 of 1 in degree 2.
Matrix size is 90 x 7668.
For d = 2, dimension of null space is 12.
Null space time was 0.110 sec.
Nicefying 12x90 matrix.
Checking map equation 1 of 5.
Checking map equation 2 of 5.
Checking compatability of map equation 1 and 2.
Checking map equation 3 of 5.
Checking compatability of map equation 1 and 3.
Checking compatability of map equation 2 and 3.
Checking map equation 4 of 5.
Checking compatability of map equation 1 and 4.
Checking compatability of map equation 2 and 4.
Checking compatability of map equation 3 and 4.
Checking map equation 5 of 5.
Checking compatability of map equation 1 and 5.
Checking compatability of map equation 2 and 5.
Checking compatability of map equation 3 and 5.
Checking compatability of map equation 4 and 5.
Time to realize x,y over rationals: 0.540
Pulling back points
Map to elliptic curve has 5 defining polynomials.
The codomain of the map is a rank 0 elliptic curve: [ 1, -1, 0, 3, -1 ]
The set of rational points of this elliptic curve is:
Pulling back point (1 : 1 : 1).
Beginning test of p = 7.
Tested p = 7. There are 3 points, of which 2 are singular.
Beginning test of p = 11.
Tested p = 11. There are 3 points, of which 2 are singular.
Beginning test of p = 13.
Tested p = 13. There are 3 points, of which 2 are singular.
Beginning test of p = 17.
Tested p = 17. There are 6 points, of which 2 are singular.
Beginning test of p = 19.
Tested p = 19. There are 6 points, of which 2 are singular.
Beginning test of p = 23.
Tested p = 23. There are 3 points, of which 2 are singular.
Beginning test of p = 29.
Tested p = 29. There are 3 points, of which 2 are singular.
Beginning test of p = 31.
Tested p = 31. There are 3 points, of which 2 are singular.
Beginning test of p = 37.
Tested p = 37. There are 6 points, of which 2 are singular.
Beginning test of p = 41.
Tested p = 41. There are 3 points, of which 2 are singular.
Beginning test of p = 43.
Tested p = 43. There are 3 points, of which 2 are singular.
Beginning test of p = 47.
Tested p = 47. There are 3 points, of which 2 are singular.
Beginning test of p = 53.
Tested p = 53. There are 6 points, of which 2 are singular.
Beginning test of p = 59.
Tested p = 59. There are 3 points, of which 2 are singular.
Beginning test of p = 61.
Tested p = 61. There are 3 points, of which 2 are singular.
Beginning test of p = 67.
Tested p = 67. There are 3 points, of which 2 are singular.
Beginning test of p = 71.
Tested p = 71. There are 6 points, of which 2 are singular.
Beginning test of p = 73.
Tested p = 73. There are 6 points, of which 2 are singular.
Beginning test of p = 79.
Tested p = 79. There are 3 points, of which 2 are singular.
Beginning test of p = 83.
Tested p = 83. There are 3 points, of which 2 are singular.
Beginning test of p = 89.
Tested p = 89. There are 6 points, of which 2 are singular.
Beginning test of p = 97.
Tested p = 97. There are 3 points, of which 2 are singular.
Beginning test of p = 101.
Tested p = 101. There are 3 points, of which 2 are singular.
Beginning test of p = 103.
Tested p = 103. There are 3 points, of which 2 are singular.
Fall back to built-in function - no non-singular reduction found.
Found rational point (0 : 0 : 1 : 1 : 0 : 1 : 0 : 0 : 1 : 1 : 0).
Found rational point (0 : 0 : 0 : 0 : 0 : 0 : 0 : 1 : 0 : 0 : 0).
Found rational point (0 : 0 : -1/2 : 0 : 0 : 1 : 0 : 0 : 0 : 0 : 0).
Pulling back point (1 : -2 : 1).
Beginning test of p = 7.
Tested p = 7. There are 3 points, of which 0 are singular.
Lifting mod p point (0 : 0 : 1 : 1 : 0 : 1 : 0 : 0 : 1 : 1 : 0).
We found a rational point (0 : 0 : 1 : 1 : 0 : 1 : 0 : 0 : 1 : 1 : 0).
Lifting mod p point (1 : 5 : 1 : 4 : 2 : 1 : 0 : 1 : 2 : 1 : 0).
We didn't find a rational point.
Lifting mod p point (0 : 0 : 3 : 0 : 0 : 1 : 0 : 0 : 0 : 0 : 0).
We found a rational point (0 : 0 : -1/2 : 0 : 0 : 1 : 0 : 0 : 0 : 0 : 0).
Mod 7 there are 3 points, all of which are non-singular.
Mod 13 there are 3 points, all of which are non-singular.
Mod 17 there are 6 points, all of which are non-singular.
Mod 19 there are 6 points, all of which are non-singular.
Mod 23 there are 2 points, all of which are non-singular.
The reduction mod p map from X(Q) -> X(F_23) is bijective. We're done!
Pulling back point (0 : 1 : 0).
Beginning test of p = 7.
Tested p = 7. There are 5 points, of which 1 are singular.
Beginning test of p = 11.
Tested p = 11. There are 5 points, of which 1 are singular.
Beginning test of p = 13.
Tested p = 13. There are 4 points, of which 1 are singular.
Beginning test of p = 17.
Tested p = 17. There are 5 points, of which 1 are singular.
Beginning test of p = 19.
Tested p = 19. There are 3 points, of which 1 are singular.
Beginning test of p = 23.
Tested p = 23. There are 4 points, of which 1 are singular.
Beginning test of p = 29.
Tested p = 29. There are 4 points, of which 1 are singular.
Beginning test of p = 31.
Tested p = 31. There are 4 points, of which 1 are singular.
Beginning test of p = 37.
Tested p = 37. There are 3 points, of which 1 are singular.
Beginning test of p = 41.
Tested p = 41. There are 4 points, of which 1 are singular.
Beginning test of p = 43.
Tested p = 43. There are 3 points, of which 1 are singular.
Beginning test of p = 47.
Tested p = 47. There are 3 points, of which 1 are singular.
Beginning test of p = 53.
Tested p = 53. There are 3 points, of which 1 are singular.
Beginning test of p = 59.
Tested p = 59. There are 3 points, of which 1 are singular.
Beginning test of p = 61.
Tested p = 61. There are 3 points, of which 1 are singular.
Beginning test of p = 67.
Tested p = 67. There are 4 points, of which 1 are singular.
Beginning test of p = 71.
Tested p = 71. There are 3 points, of which 1 are singular.
Beginning test of p = 73.
Tested p = 73. There are 5 points, of which 1 are singular.
Beginning test of p = 79.
Tested p = 79. There are 3 points, of which 1 are singular.
Beginning test of p = 83.
Tested p = 83. There are 3 points, of which 1 are singular.
Beginning test of p = 89.
Tested p = 89. There are 4 points, of which 1 are singular.
Beginning test of p = 97.
Tested p = 97. There are 3 points, of which 1 are singular.
Beginning test of p = 101.
Tested p = 101. There are 3 points, of which 1 are singular.
Beginning test of p = 103.
Tested p = 103. There are 4 points, of which 1 are singular.
Fall back to built-in function - no non-singular reduction found.
Found rational point (0 : 0 : 0 : 0 : 0 : 0 : 1 : 0 : 0 : 0 : 1).
Found rational point (0 : 0 : 1 : 1 : 0 : 1 : 0 : 0 : 1 : 1 : 0).
Found rational point (0 : 0 : -1/2 : 0 : 0 : 1 : 0 : 0 : 0 : 0 : 0).
There are 4 rational points on the given modular curve.
They are [ (0 : 0 : 1 : 1 : 0 : 1 : 0 : 0 : 1 : 1 : 0), (0 : 0 : -1/2 : 0 : 0 : 1 : 0 : 0 : 0 : 0 : 0), (0 : 0 : 0 : 0 : 0 : 0 : 0 : 1 : 0 : 0 : 0), (0 : 0 : 0 : 0 : 0 : 0 : 1 : 0 : 0 : 0 : 1) ].
Time to pull back points: 1.470
Label: 54.216.11.b.1
Number of rational cusps: 0
Number of CM points: 4
Multiset of CM j-invariants: {* 0^^4 *}
Number of non-CM points: 0
Multiset of non-CM j-invariants: {* *}
Total time needed was 1163.110 sec.

Starting curve 14 with label 60.240.18.x.1.
Choosing power series precision = 480.
Creating model with power series precision 480.
Model found. Now increasing precision.
Precision increase done.
Trying to find Hecke matrix for p = 7.
Trying to find Hecke matrix for p = 11.
Trying to find Hecke matrix for p = 13.
Trying to find Hecke matrix for p = 17.
Trying to find Hecke matrix for p = 19.
Trying to find Hecke matrix for p = 23.
Trying to find Hecke matrix for p = 29.
Trying to find Hecke matrix for p = 31.
Trying to find Hecke matrix for p = 37.
Trying to find Hecke matrix for p = 41.
Trying to find Hecke matrix for p = 43.
Trying to find Hecke matrix for p = 47.
Trying to find Hecke matrix for p = 53.
Trying to find Hecke matrix for p = 59.
Representation is not unique for Hecke operator T_59. Increasing precision may help.
Representation is not unique for Hecke operator T_59. Increasing precision may help.
Representation is not unique for Hecke operator T_59. Increasing precision may help.
Representation is not unique for Hecke operator T_59. Increasing precision may help.
Representation is not unique for Hecke operator T_59. Increasing precision may help.
Representation is not unique for Hecke operator T_59. Increasing precision may help.
Representation is not unique for Hecke operator T_59. Increasing precision may help.
Representation is not unique for Hecke operator T_59. Increasing precision may help.
Representation is not unique for Hecke operator T_59. Increasing precision may help.
Representation is not unique for Hecke operator T_59. Increasing precision may help.
Representation is not unique for Hecke operator T_59. Increasing precision may help.
Representation is not unique for Hecke operator T_59. Increasing precision may help.
Representation is not unique for Hecke operator T_59. Increasing precision may help.
Representation is not unique for Hecke operator T_59. Increasing precision may help.
Representation is not unique for Hecke operator T_59. Increasing precision may help.
Representation is not unique for Hecke operator T_59. Increasing precision may help.
Representation is not unique for Hecke operator T_59. Increasing precision may help.
Representation is not unique for Hecke operator T_59. Increasing precision may help.
Nicefying 1x30656 matrix.
Nicefying 1x30656 matrix.
Nicefying 1x30656 matrix.
Nicefying 1x30656 matrix.
Nicefying 1x30656 matrix.
Fourier coefficient size diagnostic.
True max = 7.97077704732013956539818248026.
Bound is = 180.
Computing periods of 20 matrices (max length 50).
Best elliptic curve 1 is [ 0, 0, 0, -27, -486 ]. The Manin constant is 1/360.
Starting modular degree computation.
Computing 240 periods.
Analytic modular degree is 16.
Time to compute analytic modular degree: 201.460
Best elliptic curve 1 is [ 0, 0, 0, -15, -50 ]. The Manin constant is 1/120.
Starting modular degree computation.
Computing 240 periods.
Analytic modular degree is 240.
Time to compute analytic modular degree: 213.210
Best elliptic curve 1 is [ 0, 0, 0, -135, 1350 ]. The Manin constant is 1/360.
Starting modular degree computation.
Computing 240 periods.
Analytic modular degree is 80.
Time to compute analytic modular degree: 213.280
Best elliptic curve 1 is [ 0, 0, 0, -375, -6250 ]. The Manin constant is 1/600.
Starting modular degree computation.
Computing 240 periods.
Analytic modular degree is 48.
Time to compute analytic modular degree: 214.030
Best elliptic curve 1 is [ 0, 0, 0, -3375, 168750 ]. The Manin constant is 1/1800.
Starting modular degree computation.
Computing 240 periods.
Analytic modular degree is 16.
Time to compute analytic modular degree: 213.050
Minimal modular degree is 16. Choosing elliptic curve [ 0, 0, 0, -27, -486 ].
Image of cusp 1 has order 1 on elliptic curve.
Point is (0 : 1 : 0).
Image of cusp 2 has order 1 on elliptic curve.
Point is (0 : 1 : 0).
Image of cusp 3 has order 1 on elliptic curve.
Point is (0 : 1 : 0).
Image of cusp 4 has order 1 on elliptic curve.
Point is (0 : 1 : 0).
Tweaking precision.
Guaranteed to find map in degree 2.
Old preclist = [ 480, 480, 480, 480 ].
precsum = 242, multiplier = 4, powerprec = 70.
Setting powerprec = 70.
New preclist = [ 70, 70, 70, 70 ].
Finding elliptic curve map 1.
Computing Fourier expansions of x and y modular functions at cusp 1 of 4.
Computing Fourier expansions of x and y modular functions at cusp 2 of 4.
Computing Fourier expansions of x and y modular functions at cusp 3 of 4.
Computing Fourier expansions of x and y modular functions at cusp 4 of 4.
Realizing x,y over cyclotomic field.
Computing Grobner basis for ideal.
Grobner basis time was 0.040.
Generating cyclotomic canonical ring.
Generating degree 1 piece of canonical ring.
Searching for map 1 of 1.
For d = 1, dimension of null space is 0.
Null space time was 0.040 sec.
Generating degree 2 piece of canonical ring.
Searching for map 1 of 1.
For d = 2, dimension of null space is 3.
Null space time was 0.580 sec.
Null space vector 1 of 3 is good.
Time to realize x,y over cyclotomic field: 2.490
Starting cyclotomic map evaluation.
Map 1 goes from XG to curve [ 0, 0, 0, -27, -486 ]. Base point (2 : 0 : 0 : 0 : 1 : -1 : 0 : 0 : -1 : 0 : 0 : 0 : 0 : 1 : 0 : 0 : 0 : 0) maps to (0 : 1 : 0).
Realizing x,y over rationals.
Generating rational canonical ring.
Searching for map 1 of 1 in degree 2.
Matrix size is 153 x 8832.
For d = 2, dimension of null space is 3.
Null space time was 0.630 sec.
Nicefying 3x153 matrix.
Checking map equation 1 of 3.
Checking map equation 2 of 3.
Checking compatability of map equation 1 and 2.
Checking map equation 3 of 3.
Checking compatability of map equation 1 and 3.
Checking compatability of map equation 2 and 3.
Time to realize x,y over rationals: 3.380
Pulling back points
Map to elliptic curve has 3 defining polynomials.
The codomain of the map is a rank 0 elliptic curve: [ 0, 0, 0, -27, -486 ]
The set of rational points of this elliptic curve is:
Pulling back point (0 : 1 : 0).
Beginning test of p = 7.
Tested p = 7. There are 2 points, of which 0 are singular.
Lifting mod p point (2 : 4 : 6 : 0 : 3 : 2 : 0 : 1 : 6 : 3 : 3 : 5 : 6 : 4 : 0 : 2 : 3 : 1).
We didn't find a rational point.
Lifting mod p point (2 : 0 : 0 : 0 : 1 : 6 : 0 : 0 : 6 : 0 : 0 : 0 : 0 : 1 : 0 : 0 : 0 : 0).
We found a rational point (2 : 0 : 0 : 0 : 1 : -1 : 0 : 0 : -1 : 0 : 0 : 0 : 0 : 1 : 0 : 0 : 0 : 0).
Mod 7 there are 2 points, all of which are non-singular.
Mod 11 there are 2 points, all of which are non-singular.
Mod 17 there are 2 points, all of which are non-singular.
Mod 19 there are 1 points, all of which are non-singular.
The reduction mod p map from X(Q) -> X(F_19) is bijective. We're done!
Pulling back point (9 : 0 : 1).
Beginning test of p = 7.
Tested p = 7. There are 2 points, of which 1 are singular.
Beginning test of p = 11.
Tested p = 11. There are 3 points, of which 0 are singular.
Lifting mod p point (6 : 0 : 0 : 9 : 5 : 4 : 5 : 6 : 2 : 5 : 7 : 10 : 3 : 7 : 6 : 9 : 8 : 1).
We didn't find a rational point.
Lifting mod p point (7 : 1 : 6 : 8 : 0 : 4 : 4 : 2 : 1 : 8 : 5 : 8 : 2 : 1 : 6 : 5 : 0 : 1).
We didn't find a rational point.
Lifting mod p point (10 : 7 : 6 : 0 : 5 : 7 : 0 : 5 : 5 : 2 : 5 : 4 : 8 : 10 : 1 : 4 : 1 : 0).
We didn't find a rational point.
Mod 11 there are 3 points, all of which are non-singular.
Mod 17 there are 2 points, all of which are non-singular.
Mod 19 there are 0 points, all of which are non-singular.
The reduction mod p map from X(Q) -> X(F_19) is bijective. We're done!
There is 1 rational point on the given modular curve.
It is [ (2 : 0 : 0 : 0 : 1 : -1 : 0 : 0 : -1 : 0 : 0 : 0 : 0 : 1 : 0 : 0 : 0 : 0) ].
Time to pull back points: 3.100
Label: 60.240.18.x.1
Number of rational cusps: 0
Number of CM points: 1
Multiset of CM j-invariants: {* 0 *}
Number of non-CM points: 0
Multiset of non-CM j-invariants: {* *}
Total time needed was 1275.420 sec.

Starting curve 15 with label 65.70.4.a.1.
Choosing power series precision = 317.
Creating model with power series precision 317.
Model found. Now increasing precision.
Precision increase done.
Trying to find Hecke matrix for p = 2.
Nicefying 1x16320 matrix.
Fourier coefficient size diagnostic.
True max = 1.80277563773199464655961063374.
Bound is = 195.
Computing periods of 20 matrices (max length 50).
Best elliptic curve 1 is [ 0, -1, 1, -98, 378 ]. The Manin constant is 1/65.
Starting modular degree computation.
Computing 70 periods.
Analytic modular degree is 14.
Time to compute analytic modular degree: 591.840
Minimal modular degree is 14. Choosing elliptic curve [ 0, -1, 1, -98, 378 ].
Image of cusp 1 has order 1 on elliptic curve.
Point is (0 : 1 : 0).
Image of cusp 2 has order 5 on elliptic curve.
Point is (8 : 6 : 1).
Tweaking precision.
Guaranteed to find map in degree 8.
Old preclist = [ 317, 25 ].
precsum = 282, multiplier = 14/13, powerprec = 271.
Setting powerprec = 271.
New preclist = [ 271, 21 ].
Finding elliptic curve map 1.
Computing Fourier expansions of x and y modular functions at cusp 1 of 2.
Computing Fourier expansions of x and y modular functions at cusp 2 of 2.
Realizing x,y over cyclotomic field.
Computing Grobner basis for ideal.
Grobner basis time was 0.000.
Generating cyclotomic canonical ring.
Generating degree 1 piece of canonical ring.
Generating degree 2 piece of canonical ring.
Generating degree 3 piece of canonical ring.
Generating degree 4 piece of canonical ring.
Generating degree 5 piece of canonical ring.
Generating degree 6 piece of canonical ring.
Generating degree 7 piece of canonical ring.
Searching for map 1 of 1.
For d = 7, dimension of null space is 0.
Null space time was 0.160 sec.
Generating degree 8 piece of canonical ring.
Searching for map 1 of 1.
For d = 8, dimension of null space is 3.
Null space time was 2.020 sec.
Null space vector 1 of 3 is good.
Time to realize x,y over cyclotomic field: 32.970
Starting cyclotomic map evaluation.
Map 1 goes from XG to curve [ 0, -1, 1, -98, 378 ]. Base point (0 : -1 : 1 : 0) maps to (8 : -7 : 1).
Realizing x,y over rationals.
Generating rational canonical ring.
Searching for map 1 of 1 in degree 8.
Matrix size is 135 x 27264.
For d = 8, dimension of null space is 3.
Null space time was 3.030 sec.
Nicefying 3x135 matrix.
Checking map equation 1 of 3.
Checking map equation 2 of 3.
Checking compatability of map equation 1 and 2.
Checking map equation 3 of 3.
Checking compatability of map equation 1 and 3.
Checking compatability of map equation 2 and 3.
Time to realize x,y over rationals: 15.280
Pulling back points
Map to elliptic curve has 3 defining polynomials.
The codomain of the map is a rank 0 elliptic curve: [ 0, -1, 1, -98, 378 ]
The set of rational points of this elliptic curve is:
Pulling back point (8 : 6 : 1).
Beginning test of p = 7.
Tested p = 7. There are 1 points, of which 0 are singular.
Lifting mod p point (0 : 1 : 6 : 1).
We found a rational point (0 : 1 : -1 : 1).
Mod 7 there are 1 points, all of which are non-singular.
The reduction mod p map from X(Q) -> X(F_7) is bijective. We're done!
Pulling back point (21 : 84 : 1).
Beginning test of p = 7.
Tested p = 7. There are 0 points, of which 0 are singular.
Mod 7 there are 0 points, all of which are non-singular.
The reduction mod p map from X(Q) -> X(F_7) is bijective. We're done!
Pulling back point (0 : 1 : 0).
Beginning test of p = 7.
Tested p = 7. There are 1 points, of which 0 are singular.
Lifting mod p point (0 : 6 : 1 : 0).
We found a rational point (0 : -1 : 1 : 0).
Mod 7 there are 1 points, all of which are non-singular.
The reduction mod p map from X(Q) -> X(F_7) is bijective. We're done!
Pulling back point (8 : -7 : 1).
Beginning test of p = 7.
Tested p = 7. There are 0 points, of which 0 are singular.
Mod 7 there are 0 points, all of which are non-singular.
The reduction mod p map from X(Q) -> X(F_7) is bijective. We're done!
Pulling back point (21 : -85 : 1).
Beginning test of p = 7.
Tested p = 7. There are 0 points, of which 0 are singular.
Mod 7 there are 0 points, all of which are non-singular.
The reduction mod p map from X(Q) -> X(F_7) is bijective. We're done!
There are 2 rational points on the given modular curve.
They are [ (0 : 1 : -1 : 1), (0 : -1 : 1 : 0) ].
Time to pull back points: 0.070
Label: 65.70.4.a.1
Number of rational cusps: 2
Number of CM points: 0
Multiset of CM j-invariants: {* *}
Number of non-CM points: 0
Multiset of non-CM j-invariants: {* *}
Total time needed was 924.800 sec.

Starting curve 16 with label 66.330.22.b.1.
Choosing power series precision = 804.
Creating model with power series precision 804.
Model found. Now increasing precision.
Precision increase done.
Trying to find Hecke matrix for p = 5.
Trying to find Hecke matrix for p = 7.
Trying to find Hecke matrix for p = 13.
Trying to find Hecke matrix for p = 17.
Trying to find Hecke matrix for p = 19.
Trying to find Hecke matrix for p = 23.
Trying to find Hecke matrix for p = 29.
Trying to find Hecke matrix for p = 31.
Trying to find Hecke matrix for p = 37.
Trying to find Hecke matrix for p = 41.
Trying to find Hecke matrix for p = 43.
Trying to find Hecke matrix for p = 47.
Trying to find Hecke matrix for p = 53.
Trying to find Hecke matrix for p = 59.
Trying to find Hecke matrix for p = 61.
Trying to find Hecke matrix for p = 67.
Trying to find Hecke matrix for p = 71.
Trying to find Hecke matrix for p = 73.
Nicefying 1x80300 matrix.
Nicefying 1x80300 matrix.
Nicefying 1x80300 matrix.
Nicefying 1x80300 matrix.
Nicefying 1x80300 matrix.
Nicefying 1x80300 matrix.
Nicefying 1x80300 matrix.
Nicefying 1x80300 matrix.
Nicefying 1x80300 matrix.
Fourier coefficient size diagnostic.
True max = 26.0366104511451526638997499008.
Bound is = 198.
Computing periods of 20 matrices (max length 50).
Best elliptic curve 1 is [ 0, 0, 0, -570999, -189073874 ]. The Manin constant is 1/2178.
Starting modular degree computation.
Computing 330 periods.
Analytic modular degree is 1848.
Time to compute analytic modular degree: 1591.910
Best elliptic curve 1 is [ 0, 0, 0, -4719, 142054 ]. The Manin constant is 1/2178.
Starting modular degree computation.
Computing 330 periods.
Analytic modular degree is 56.
Time to compute analytic modular degree: 1563.060
Best elliptic curve 1 is [ 0, 0, 0, -84216, 10934165 ]. The Manin constant is 1/2178.
Starting modular degree computation.
Computing 330 periods.
Analytic modular degree is 150.
Time to compute analytic modular degree: 1489.000
Best elliptic curve 1 is [ 0, 0, 0, 2904, -33275 ]. The Manin constant is 1/2178.
Starting modular degree computation.
Computing 330 periods.
Analytic modular degree is 30.
Time to compute analytic modular degree: 1623.350
Best elliptic curve 1 is [ 0, 0, 0, 33, -682 ]. The Manin constant is 1/2178.
Starting modular degree computation.
Computing 330 periods.
Analytic modular degree is 24.
Time to compute analytic modular degree: 1539.380
Best elliptic curve 1 is [ 0, 0, 0, 3993, 907742 ]. The Manin constant is 1/2178.
Starting modular degree computation.
Computing 330 periods.
Analytic modular degree is 88.
Time to compute analytic modular degree: 1503.830
Best elliptic curve 1 is [ 0, 0, 0, 2904, -69212 ]. The Manin constant is 1/2178.
Starting modular degree computation.
Computing 330 periods.
Analytic modular degree is 150.
Time to compute analytic modular degree: 1582.440
Best elliptic curve 1 is [ 0, 0, 0, -223608, -40701980 ]. The Manin constant is 1/2178.
Starting modular degree computation.
Computing 330 periods.
Analytic modular degree is 308.
Time to compute analytic modular degree: 1552.300
Best elliptic curve 1 is [ 0, 0, 0, -1848, 30580 ]. The Manin constant is 1/2178.
Starting modular degree computation.
Computing 330 periods.
Analytic modular degree is 84.
Time to compute analytic modular degree: 1579.590
Minimal modular degree is 24. Choosing elliptic curve [ 0, 0, 0, 33, -682 ].
Image of cusp 1 has order 1 on elliptic curve.
Point is (0 : 1 : 0).
Image of cusp 2 has order 1 on elliptic curve.
Point is (0 : 1 : 0).
Image of cusp 3 has order 1 on elliptic curve.
Point is (0 : 1 : 0).
Image of cusp 4 has order 1 on elliptic curve.
Point is (0 : 1 : 0).
Image of cusp 5 has order 1 on elliptic curve.
Point is (0 : 1 : 0).
Tweaking precision.
Guaranteed to find map in degree 3.
Old preclist = [ 804, 804, 804, 804, 804 ].
precsum = 497, multiplier = 5, powerprec = 109.
Setting powerprec = 109.
New preclist = [ 109, 109, 109, 109, 109 ].
Finding elliptic curve map 1.
Computing Fourier expansions of x and y modular functions at cusp 1 of 5.
Computing Fourier expansions of x and y modular functions at cusp 2 of 5.
Computing Fourier expansions of x and y modular functions at cusp 3 of 5.
Computing Fourier expansions of x and y modular functions at cusp 4 of 5.
Computing Fourier expansions of x and y modular functions at cusp 5 of 5.
Realizing x,y over cyclotomic field.
Computing Grobner basis for ideal.
Grobner basis time was 0.060.
Generating cyclotomic canonical ring.
Generating degree 1 piece of canonical ring.
Generating degree 2 piece of canonical ring.
Searching for map 1 of 1.
For d = 2, dimension of null space is 0.
Null space time was 0.340 sec.
Generating degree 3 piece of canonical ring.
Searching for map 1 of 1.
For d = 3, dimension of null space is 33.
Null space time was 9.950 sec.
Null space vector 1 of 33 is good.
Time to realize x,y over cyclotomic field: 27.990
Starting cyclotomic map evaluation.
Map 1 goes from XG to curve [ 0, 0, 0, 33, -682 ]. Base point (0 : 0 : 0 : 0 : 0 : 1 : 1 : 0 : -1 : 2 : -1 : -1 : 1 : -1 : -2 : 1 : 0 : 0 : 1 : 0 : 0 : 0) maps to (0 : 1 : 0).
Realizing x,y over rationals.
Generating rational canonical ring.
Searching for map 1 of 1 in degree 3.
Matrix size is 315 x 21600.
For d = 3, dimension of null space is 33.
Null space time was 21.390 sec.
Nicefying 33x315 matrix.
Checking map equation 1 of 5.
Checking map equation 2 of 5.
Checking compatability of map equation 1 and 2.
Checking map equation 3 of 5.
Checking compatability of map equation 1 and 3.
Checking compatability of map equation 2 and 3.
Checking map equation 4 of 5.
Checking compatability of map equation 1 and 4.
Checking compatability of map equation 2 and 4.
Checking compatability of map equation 3 and 4.
Checking map equation 5 of 5.
Checking compatability of map equation 1 and 5.
Checking compatability of map equation 2 and 5.
Checking compatability of map equation 3 and 5.
Checking compatability of map equation 4 and 5.
Time to realize x,y over rationals: 41.890
Pulling back points
Map to elliptic curve has 5 defining polynomials.
The codomain of the map is a rank 0 elliptic curve: [ 0, 0, 0, 33, -682 ]
The set of rational points of this elliptic curve is:
Pulling back point (0 : 1 : 0).
Beginning test of p = 5.
Tested p = 5. There are 1 points, of which 1 are singular.
Beginning test of p = 7.
Tested p = 7. There are 3 points, of which 1 are singular.
Beginning test of p = 13.
Tested p = 13. There are 1 points, of which 1 are singular.
Beginning test of p = 17.
Tested p = 17. There are 3 points, of which 1 are singular.
Beginning test of p = 19.
Tested p = 19. There are 1 points, of which 1 are singular.
Beginning test of p = 23.
Tested p = 23. There are 8 points, of which 6 are singular.
Beginning test of p = 29.
Tested p = 29. There are 1 points, of which 1 are singular.
Beginning test of p = 37.
Tested p = 37. There are 1 points, of which 1 are singular.
Beginning test of p = 41.
Tested p = 41. There are 5 points, of which 1 are singular.
Beginning test of p = 43.
Tested p = 43. There are 6 points, of which 6 are singular.
Beginning test of p = 47.
Tested p = 47. There are 5 points, of which 1 are singular.
Beginning test of p = 53.
Tested p = 53. There are 1 points, of which 1 are singular.
Beginning test of p = 59.
Tested p = 59. There are 1 points, of which 1 are singular.
Beginning test of p = 61.
Tested p = 61. There are 1 points, of which 1 are singular.
Beginning test of p = 67.
Tested p = 67. There are 6 points, of which 6 are singular.
Beginning test of p = 71.
Tested p = 71. There are 3 points, of which 1 are singular.
Beginning test of p = 73.
Tested p = 73. There are 3 points, of which 1 are singular.
Beginning test of p = 79.
Tested p = 79. There are 3 points, of which 1 are singular.
Beginning test of p = 83.
Tested p = 83. There are 1 points, of which 1 are singular.
Beginning test of p = 89.
Tested p = 89. There are 8 points, of which 6 are singular.
Beginning test of p = 97.
Tested p = 97. There are 3 points, of which 1 are singular.
Beginning test of p = 101.
Tested p = 101. There are 1 points, of which 1 are singular.
Beginning test of p = 103.
Tested p = 103. There are 3 points, of which 1 are singular.
Fall back to built-in function - no non-singular reduction found.
Found rational point (0 : 0 : 0 : 0 : 0 : 1 : 1 : 0 : -1 : 2 : -1 : -1 : 1 : -1 : -2 : 1 : 0 : 0 : 1 : 0 : 0 : 0).
There is 1 rational point on the given modular curve.
It is [ (0 : 0 : 0 : 0 : 0 : 1 : 1 : 0 : -1 : 2 : -1 : -1 : 1 : -1 : -2 : 1 : 0 : 0 : 1 : 0 : 0 : 0) ].
Time to pull back points: 6.730
Label: 66.330.22.b.1
Number of rational cusps: 0
Number of CM points: 1
Multiset of CM j-invariants: {* 1728 *}
Number of non-CM points: 0
Multiset of non-CM j-invariants: {* *}
Total time needed was 15373.380 sec.

Starting curve 17 with label 66.330.22.c.1.
Choosing power series precision = 536.
Creating model with power series precision 536.
Model found. Now increasing precision.
Precision increase done.
Trying to find Hecke matrix for p = 5.
Trying to find Hecke matrix for p = 7.
Trying to find Hecke matrix for p = 13.
Trying to find Hecke matrix for p = 17.
Trying to find Hecke matrix for p = 19.
Trying to find Hecke matrix for p = 23.
Trying to find Hecke matrix for p = 29.
Trying to find Hecke matrix for p = 31.
Trying to find Hecke matrix for p = 37.
Trying to find Hecke matrix for p = 41.
Trying to find Hecke matrix for p = 43.
Trying to find Hecke matrix for p = 47.
Nicefying 1x53500 matrix.
Nicefying 1x53500 matrix.
Nicefying 1x53500 matrix.
Nicefying 1x53500 matrix.
Nicefying 1x53500 matrix.
Fourier coefficient size diagnostic.
True max = 14.5368717440866355258375128317.
Bound is = 198.
Computing periods of 20 matrices (max length 50).
Best elliptic curve 1 is [ 0, 1, 0, -24845, 1499199 ]. The Manin constant is 1/726.
Starting modular degree computation.
Computing 330 periods.
Analytic modular degree is 308.
Time to compute analytic modular degree: 809.910
Best elliptic curve 1 is [ 0, 1, 0, -205, -1201 ]. The Manin constant is 1/726.
Starting modular degree computation.
Computing 330 periods.
Analytic modular degree is 84.
Time to compute analytic modular degree: 848.780
Best elliptic curve 1 is [ 0, 1, 0, 323, 1340 ]. The Manin constant is 1/726.
Starting modular degree computation.
Computing 330 periods.
Analytic modular degree is 30.
Time to compute analytic modular degree: 827.570
Best elliptic curve 1 is [ 0, 1, 0, -63444, 6981588 ]. The Manin constant is 1/726.
Starting modular degree computation.
Computing 330 periods.
Analytic modular degree is 1848.
Time to compute analytic modular degree: 830.940
Best elliptic curve 1 is [ 0, 1, 0, -524, -5436 ]. The Manin constant is 1/726.
Starting modular degree computation.
Computing 330 periods.
Analytic modular degree is 56.
Time to compute analytic modular degree: 800.230
Minimal modular degree is 30. Choosing elliptic curve [ 0, 1, 0, 323, 1340 ].
Image of cusp 1 has order 1 on elliptic curve.
Point is (0 : 1 : 0).
Image of cusp 2 has order 1 on elliptic curve.
Point is (0 : 1 : 0).
Image of cusp 3 has order 1 on elliptic curve.
Point is (0 : 1 : 0).
Image of cusp 4 has order 1 on elliptic curve.
Point is (0 : 1 : 0).
Image of cusp 5 has order 1 on elliptic curve.
Point is (0 : 1 : 0).
Tweaking precision.
Guaranteed to find map in degree 3.
Old preclist = [ 536, 536, 536, 536, 536 ].
precsum = 497, multiplier = 5, powerprec = 109.
Setting powerprec = 109.
New preclist = [ 109, 109, 109, 109, 109 ].
Finding elliptic curve map 1.
Computing Fourier expansions of x and y modular functions at cusp 1 of 5.
Computing Fourier expansions of x and y modular functions at cusp 2 of 5.
Computing Fourier expansions of x and y modular functions at cusp 3 of 5.
Computing Fourier expansions of x and y modular functions at cusp 4 of 5.
Computing Fourier expansions of x and y modular functions at cusp 5 of 5.
Realizing x,y over cyclotomic field.
Computing Grobner basis for ideal.
Grobner basis time was 0.110.
Generating cyclotomic canonical ring.
Generating degree 1 piece of canonical ring.
Generating degree 2 piece of canonical ring.
Searching for map 1 of 1.
For d = 2, dimension of null space is 0.
Null space time was 0.330 sec.
Generating degree 3 piece of canonical ring.
Searching for map 1 of 1.
For d = 3, dimension of null space is 15.
Null space time was 11.520 sec.
Null space vector 1 of 15 is good.
Time to realize x,y over cyclotomic field: 30.800
Starting cyclotomic map evaluation.
Map 1 goes from XG to curve [ 0, 1, 0, 323, 1340 ]. Base point (0 : -11/6 : -11/6 : -11/6 : 0 : 0 : 11/6 : -11/6 : 0 : 0 : 0 : 0 : 0 : -11/6 : 0 : -1 : 0 : -3/2 : -1/2 : 1 : 0 : 0) maps to (0 : 1 : 0).
Realizing x,y over rationals.
Generating rational canonical ring.
Searching for map 1 of 1 in degree 3.
Matrix size is 315 x 21600.
For d = 3, dimension of null space is 15.
Null space time was 12.740 sec.
Nicefying 15x315 matrix.
Checking map equation 1 of 5.
Checking map equation 2 of 5.
Checking compatability of map equation 1 and 2.
Checking map equation 3 of 5.
Checking compatability of map equation 1 and 3.
Checking compatability of map equation 2 and 3.
Checking map equation 4 of 5.
Checking compatability of map equation 1 and 4.
Checking compatability of map equation 2 and 4.
Checking compatability of map equation 3 and 4.
Checking map equation 5 of 5.
Checking compatability of map equation 1 and 5.
Checking compatability of map equation 2 and 5.
Checking compatability of map equation 3 and 5.
Checking compatability of map equation 4 and 5.
Time to realize x,y over rationals: 34.220
Pulling back points
Map to elliptic curve has 5 defining polynomials.
The codomain of the map is a rank 0 elliptic curve: [ 0, 1, 0, 323, 1340 ]
The set of rational points of this elliptic curve is:
Pulling back point (0 : 1 : 0).
Beginning test of p = 5.
Tested p = 5. There are 5 points, of which 3 are singular.
Beginning test of p = 13.
Tested p = 13. There are 3 points, of which 1 are singular.
Beginning test of p = 17.
Tested p = 17. There are 3 points, of which 1 are singular.
Beginning test of p = 19.
Tested p = 19. There are 3 points, of which 1 are singular.
Beginning test of p = 29.
Tested p = 29. There are 5 points, of which 1 are singular.
Beginning test of p = 31.
Tested p = 31. There are 3 points, of which 1 are singular.
Beginning test of p = 37.
Tested p = 37. There are 3 points, of which 1 are singular.
Beginning test of p = 41.
Tested p = 41. There are 5 points, of which 1 are singular.
Beginning test of p = 43.
Tested p = 43. There are 8 points, of which 6 are singular.
Beginning test of p = 47.
Tested p = 47. There are 3 points, of which 1 are singular.
Beginning test of p = 53.
Tested p = 53. There are 3 points, of which 1 are singular.
Beginning test of p = 59.
Tested p = 59. There are 5 points, of which 1 are singular.
Beginning test of p = 61.
Tested p = 61. There are 3 points, of which 1 are singular.
Beginning test of p = 67.
Tested p = 67. There are 8 points, of which 6 are singular.
Beginning test of p = 71.
Tested p = 71. There are 3 points, of which 1 are singular.
Beginning test of p = 73.
Tested p = 73. There are 3 points, of which 1 are singular.
Beginning test of p = 79.
Tested p = 79. There are 3 points, of which 1 are singular.
Beginning test of p = 83.
Tested p = 83. There are 5 points, of which 1 are singular.
Beginning test of p = 89.
Tested p = 89. There are 8 points, of which 6 are singular.
Beginning test of p = 97.
Tested p = 97. There are 3 points, of which 1 are singular.
Beginning test of p = 101.
Tested p = 101. There are 9 points, of which 1 are singular.
Fall back to built-in function - no non-singular reduction found.
Found rational point (0 : -11/6 : -11/6 : -11/6 : 0 : 0 : 11/6 : -11/6 : 0 : 0 : 0 : 0 : 0 : -11/6 : 0 : -1 : 0 : -3/2 : -1/2 : 1 : 0 : 0).
Found rational point (0 : 11/6 : 11/6 : 11/6 : 0 : 0 : -11/6 : 11/6 : 0 : 0 : 0 : 0 : 0 : 11/6 : 0 : -1 : 0 : -3/2 : -1/2 : 1 : 0 : 0).
Found rational point (0 : 0 : 1 : 0 : -1 : 1 : 0 : 2 : 1 : -1 : 1 : -1 : -1 : 0 : 1 : 0 : 0 : 0 : 0 : 0 : 0 : 0).
Pulling back point (-4 : 0 : 1).
Beginning test of p = 5.
Tested p = 5. There are 3 points, of which 0 are singular.
Lifting mod p point (1 : 2 : 2 : 3 : 0 : 4 : 2 : 3 : 1 : 0 : 4 : 1 : 0 : 2 : 0 : 0 : 2 : 4 : 4 : 0 : 3 : 1).
We didn't find a rational point.
Lifting mod p point (4 : 3 : 3 : 2 : 0 : 1 : 3 : 2 : 4 : 0 : 1 : 4 : 0 : 3 : 0 : 0 : 2 : 4 : 4 : 0 : 3 : 1).
We didn't find a rational point.
Lifting mod p point (0 : 0 : 1 : 0 : 4 : 1 : 0 : 2 : 1 : 4 : 1 : 4 : 4 : 0 : 1 : 0 : 0 : 0 : 0 : 0 : 0 : 0).
We found a rational point (0 : 0 : 1 : 0 : -1 : 1 : 0 : 2 : 1 : -1 : 1 : -1 : -1 : 0 : 1 : 0 : 0 : 0 : 0 : 0 : 0 : 0).
Mod 5 there are 3 points, all of which are non-singular.
Mod 13 there are 3 points, all of which are non-singular.
Mod 17 there are 3 points, all of which are non-singular.
Mod 19 there are 3 points, all of which are non-singular.
Mod 29 there are 3 points, all of which are non-singular.
Mod 31 there are 1 points, all of which are non-singular.
The reduction mod p map from X(Q) -> X(F_31) is bijective. We're done!
There are 3 rational points on the given modular curve.
They are [ (0 : 0 : 1 : 0 : -1 : 1 : 0 : 2 : 1 : -1 : 1 : -1 : -1 : 0 : 1 : 0 : 0 : 0 : 0 : 0 : 0 : 0), (0 : 11/6 : 11/6 : 11/6 : 0 : 0 : -11/6 : 11/6 : 0 : 0 : 0 : 0 : 0 : 11/6 : 0 : -1 : 0 : -3/2 : -1/2 : 1 : 0 : 0), (0 : -11/6 : -11/6 : -11/6 : 0 : 0 : 11/6 : -11/6 : 0 : 0 : 0 : 0 : 0 : -11/6 : 0 : -1 : 0 : -3/2 : -1/2 : 1 : 0 : 0) ].
Time to pull back points: 16.080
Label: 66.330.22.c.1
Number of rational cusps: 0
Number of CM points: 3
Multiset of CM j-invariants: {* 0^^2, 1728 *}
Number of non-CM points: 0
Multiset of non-CM j-invariants: {* *}
Total time needed was 4889.840 sec.

Starting curve 18 with label 66.330.22.d.1.
Choosing power series precision = 804.
Creating model with power series precision 804.
Model found. Now increasing precision.
Precision increase done.
Trying to find Hecke matrix for p = 5.
Trying to find Hecke matrix for p = 7.
Trying to find Hecke matrix for p = 13.
Trying to find Hecke matrix for p = 17.
Trying to find Hecke matrix for p = 19.
Trying to find Hecke matrix for p = 23.
Trying to find Hecke matrix for p = 29.
Trying to find Hecke matrix for p = 31.
Trying to find Hecke matrix for p = 37.
Trying to find Hecke matrix for p = 41.
Trying to find Hecke matrix for p = 43.
Trying to find Hecke matrix for p = 47.
Trying to find Hecke matrix for p = 53.
Trying to find Hecke matrix for p = 59.
Trying to find Hecke matrix for p = 61.
Nicefying 1x80300 matrix.
Nicefying 1x80300 matrix.
Nicefying 1x80300 matrix.
Nicefying 1x80300 matrix.
Nicefying 1x80300 matrix.
Nicefying 1x80300 matrix.
Nicefying 1x80300 matrix.
Nicefying 1x80300 matrix.
Fourier coefficient size diagnostic.
True max = 7.85033342537222769447506514750.
Bound is = 198.
Computing periods of 20 matrices (max length 50).
Best elliptic curve 1 is [ 0, 0, 0, -696, -8215 ]. The Manin constant is 1/198.
Starting modular degree computation.
Computing 330 periods.
Analytic modular degree is 150.
Time to compute analytic modular degree: 1272.740
Best elliptic curve 1 is [ 0, 0, 0, 24, 52 ]. The Manin constant is 1/198.
Starting modular degree computation.
Computing 330 periods.
Analytic modular degree is 150.
Time to compute analytic modular degree: 1370.110
Best elliptic curve 1 is [ 0, 0, 0, -570999, -189073874 ]. The Manin constant is 1/2178.
Starting modular degree computation.
Computing 330 periods.
Analytic modular degree is 56.
Time to compute analytic modular degree: 1348.220
Best elliptic curve 1 is [ 0, 0, 0, -4719, 142054 ]. The Manin constant is 1/198.
Starting modular degree computation.
Computing 330 periods.
Analytic modular degree is 1848.
Time to compute analytic modular degree: 1462.380
Best elliptic curve 1 is [ 0, 0, 0, 33, -682 ]. The Manin constant is 1/198.
Starting modular degree computation.
Computing 330 periods.
Analytic modular degree is 88.
Time to compute analytic modular degree: 1314.960
Best elliptic curve 1 is [ 0, 0, 0, 3993, 907742 ]. The Manin constant is 1/2178.
Starting modular degree computation.
Computing 330 periods.
Analytic modular degree is 24.
Time to compute analytic modular degree: 1427.690
Best elliptic curve 1 is [ 0, 0, 0, -223608, -40701980 ]. The Manin constant is 1/2178.
Starting modular degree computation.
Computing 330 periods.
Analytic modular degree is 84.
Time to compute analytic modular degree: 1481.110
Best elliptic curve 1 is [ 0, 0, 0, -1848, 30580 ]. The Manin constant is 1/198.
Starting modular degree computation.
Computing 330 periods.
Analytic modular degree is 308.
Time to compute analytic modular degree: 1355.430
Minimal modular degree is 24. Choosing elliptic curve [ 0, 0, 0, 3993, 907742 ].
Image of cusp 1 has order 1 on elliptic curve.
Point is (0 : 1 : 0).
Image of cusp 2 has order 1 on elliptic curve.
Point is (0 : 1 : 0).
Image of cusp 3 has order 1 on elliptic curve.
Point is (0 : 1 : 0).
Image of cusp 4 has order 1 on elliptic curve.
Point is (0 : 1 : 0).
Image of cusp 5 has order 1 on elliptic curve.
Point is (0 : 1 : 0).
Tweaking precision.
Guaranteed to find map in degree 3.
Old preclist = [ 804, 804, 804, 804, 804 ].
precsum = 497, multiplier = 5, powerprec = 109.
Setting powerprec = 109.
New preclist = [ 109, 109, 109, 109, 109 ].
Finding elliptic curve map 1.
Computing Fourier expansions of x and y modular functions at cusp 1 of 5.
Computing Fourier expansions of x and y modular functions at cusp 2 of 5.
Computing Fourier expansions of x and y modular functions at cusp 3 of 5.
Computing Fourier expansions of x and y modular functions at cusp 4 of 5.
Computing Fourier expansions of x and y modular functions at cusp 5 of 5.
Realizing x,y over cyclotomic field.
Computing Grobner basis for ideal.
Grobner basis time was 0.090.
Generating cyclotomic canonical ring.
Generating degree 1 piece of canonical ring.
Generating degree 2 piece of canonical ring.
Searching for map 1 of 1.
For d = 2, dimension of null space is 0.
Null space time was 0.330 sec.
Generating degree 3 piece of canonical ring.
Searching for map 1 of 1.
For d = 3, dimension of null space is 33.
Null space time was 10.430 sec.
Null space vector 1 of 33 is good.
Time to realize x,y over cyclotomic field: 29.360
Starting cyclotomic map evaluation.
Map 1 goes from XG to curve [ 0, 0, 0, 3993, 907742 ]. Base point (0 : 0 : 0 : 0 : 2 : -1 : 0 : 2 : 2 : -1 : 1 : -1 : -1 : 0 : 0 : -1 : 2 : 0 : 0 : 1 : 0 : 0) maps to (0 : 1 : 0).
Realizing x,y over rationals.
Generating rational canonical ring.
Searching for map 1 of 1 in degree 3.
Matrix size is 315 x 21600.
For d = 3, dimension of null space is 33.
Null space time was 23.660 sec.
Nicefying 33x315 matrix.
Checking map equation 1 of 5.
Checking map equation 2 of 5.
Checking compatability of map equation 1 and 2.
Checking map equation 3 of 5.
Checking compatability of map equation 1 and 3.
Checking compatability of map equation 2 and 3.
Checking map equation 4 of 5.
Checking compatability of map equation 1 and 4.
Checking compatability of map equation 2 and 4.
Checking compatability of map equation 3 and 4.
Checking map equation 5 of 5.
Checking compatability of map equation 1 and 5.
Checking compatability of map equation 2 and 5.
Checking compatability of map equation 3 and 5.
Checking compatability of map equation 4 and 5.
Time to realize x,y over rationals: 45.000
Pulling back points
Map to elliptic curve has 5 defining polynomials.
The codomain of the map is a rank 0 elliptic curve: [ 0, 0, 0, 3993, 907742 ]
The set of rational points of this elliptic curve is:
Pulling back point (0 : 1 : 0).
Beginning test of p = 5.
Tested p = 5. There are 1 points, of which 1 are singular.
Beginning test of p = 7.
Tested p = 7. There are 7 points, of which 1 are singular.
Beginning test of p = 13.
Tested p = 13. There are 3 points, of which 1 are singular.
Beginning test of p = 17.
Tested p = 17. There are 3 points, of which 1 are singular.
Beginning test of p = 19.
Tested p = 19. There are 5 points, of which 1 are singular.
Beginning test of p = 23.
Tested p = 23. There are 8 points, of which 6 are singular.
Beginning test of p = 29.
Tested p = 29. There are 3 points, of which 1 are singular.
Beginning test of p = 31.
Tested p = 31. There are 3 points, of which 1 are singular.
Beginning test of p = 37.
Tested p = 37. There are 1 points, of which 1 are singular.
Beginning test of p = 41.
Tested p = 41. There are 1 points, of which 1 are singular.
Beginning test of p = 43.
Tested p = 43. There are 10 points, of which 6 are singular.
Beginning test of p = 47.
Tested p = 47. There are 5 points, of which 1 are singular.
Beginning test of p = 53.
Tested p = 53. There are 1 points, of which 1 are singular.
Beginning test of p = 59.
Tested p = 59. There are 1 points, of which 1 are singular.
Beginning test of p = 61.
Tested p = 61. There are 3 points, of which 1 are singular.
Beginning test of p = 67.
Tested p = 67. There are 6 points, of which 6 are singular.
Beginning test of p = 71.
Tested p = 71. There are 3 points, of which 1 are singular.
Beginning test of p = 73.
Tested p = 73. There are 5 points, of which 1 are singular.
Beginning test of p = 79.
Tested p = 79. There are 1 points, of which 1 are singular.
Beginning test of p = 83.
Tested p = 83. There are 3 points, of which 1 are singular.
Beginning test of p = 89.
Tested p = 89. There are 8 points, of which 6 are singular.
Beginning test of p = 97.
Tested p = 97. There are 3 points, of which 1 are singular.
Beginning test of p = 101.
Tested p = 101. There are 5 points, of which 1 are singular.
Beginning test of p = 103.
Tested p = 103. There are 3 points, of which 1 are singular.
Fall back to built-in function - no non-singular reduction found.
Found rational point (0 : 0 : 0 : 0 : 2 : -1 : 0 : 2 : 2 : -1 : 1 : -1 : -1 : 0 : 0 : -1 : 2 : 0 : 0 : 1 : 0 : 0).
There is 1 rational point on the given modular curve.
It is [ (0 : 0 : 0 : 0 : 2 : -1 : 0 : 2 : 2 : -1 : 1 : -1 : -1 : 0 : 0 : -1 : 2 : 0 : 0 : 1 : 0 : 0) ].
Time to pull back points: 7.400
Label: 66.330.22.d.1
Number of rational cusps: 0
Number of CM points: 1
Multiset of CM j-invariants: {* 1728 *}
Number of non-CM points: 0
Multiset of non-CM j-invariants: {* *}
Total time needed was 12499.730 sec.

Starting curve 19 with label 66.330.22.e.1.
Choosing power series precision = 536.
Creating model with power series precision 536.
Model found. Now increasing precision.
Precision increase done.
Trying to find Hecke matrix for p = 5.
Trying to find Hecke matrix for p = 7.
Trying to find Hecke matrix for p = 13.
Trying to find Hecke matrix for p = 17.
Trying to find Hecke matrix for p = 19.
Trying to find Hecke matrix for p = 23.
Trying to find Hecke matrix for p = 29.
Trying to find Hecke matrix for p = 31.
Trying to find Hecke matrix for p = 37.
Trying to find Hecke matrix for p = 41.
Trying to find Hecke matrix for p = 43.
Trying to find Hecke matrix for p = 47.
Trying to find Hecke matrix for p = 53.
Trying to find Hecke matrix for p = 59.
Trying to find Hecke matrix for p = 61.
Nicefying 1x53500 matrix.
Nicefying 1x53500 matrix.
Nicefying 1x53500 matrix.
Nicefying 1x53500 matrix.
Nicefying 1x53500 matrix.
Nicefying 1x53500 matrix.
Nicefying 1x53500 matrix.
Fourier coefficient size diagnostic.
True max = 4.38303174551406121064899090278.
Bound is = 198.
Computing periods of 20 matrices (max length 50).
Best elliptic curve 1 is [ 0, 1, 0, 3, -1 ]. The Manin constant is 1/66.
Starting modular degree computation.
Computing 330 periods.
Analytic modular degree is 150.
Time to compute analytic modular degree: 720.650
Best elliptic curve 1 is [ 0, -1, 0, -77, 330 ]. The Manin constant is 1/66.
Starting modular degree computation.
Computing 330 periods.
Analytic modular degree is 150.
Time to compute analytic modular degree: 678.250
Best elliptic curve 1 is [ 0, 1, 0, 3, 0 ]. The Manin constant is 1/66.
Starting modular degree computation.
Computing 330 periods.
Analytic modular degree is 30.
Time to compute analytic modular degree: 724.750
Best elliptic curve 1 is [ 0, 1, 0, -24845, 1499199 ]. The Manin constant is 1/726.
Starting modular degree computation.
Computing 330 periods.
Analytic modular degree is 84.
Time to compute analytic modular degree: 779.410
Best elliptic curve 1 is [ 0, 1, 0, -205, -1201 ]. The Manin constant is 1/66.
Starting modular degree computation.
Computing 330 periods.
Analytic modular degree is 308.
Time to compute analytic modular degree: 736.670
Best elliptic curve 1 is [ 0, 1, 0, -63444, 6981588 ]. The Manin constant is 1/726.
Starting modular degree computation.
Computing 330 periods.
Analytic modular degree is 56.
Time to compute analytic modular degree: 735.100
Best elliptic curve 1 is [ 0, 1, 0, -524, -5436 ]. The Manin constant is 1/66.
Starting modular degree computation.
Computing 330 periods.
Analytic modular degree is 1848.
Time to compute analytic modular degree: 784.540
Minimal modular degree is 30. Choosing elliptic curve [ 0, 1, 0, 3, 0 ].
Image of cusp 1 has order 1 on elliptic curve.
Point is (0 : 1 : 0).
Image of cusp 2 has order 1 on elliptic curve.
Point is (0 : 1 : 0).
Image of cusp 3 has order 1 on elliptic curve.
Point is (0 : 1 : 0).
Image of cusp 4 has order 1 on elliptic curve.
Point is (0 : 1 : 0).
Image of cusp 5 has order 1 on elliptic curve.
Point is (0 : 1 : 0).
Tweaking precision.
Guaranteed to find map in degree 3.
Old preclist = [ 536, 536, 536, 536, 536 ].
precsum = 497, multiplier = 5, powerprec = 109.
Setting powerprec = 109.
New preclist = [ 109, 109, 109, 109, 109 ].
Finding elliptic curve map 1.
Computing Fourier expansions of x and y modular functions at cusp 1 of 5.
Computing Fourier expansions of x and y modular functions at cusp 2 of 5.
Computing Fourier expansions of x and y modular functions at cusp 3 of 5.
Computing Fourier expansions of x and y modular functions at cusp 4 of 5.
Computing Fourier expansions of x and y modular functions at cusp 5 of 5.
Realizing x,y over cyclotomic field.
Computing Grobner basis for ideal.
Grobner basis time was 0.100.
Generating cyclotomic canonical ring.
Generating degree 1 piece of canonical ring.
Generating degree 2 piece of canonical ring.
Searching for map 1 of 1.
For d = 2, dimension of null space is 0.
Null space time was 0.330 sec.
Generating degree 3 piece of canonical ring.
Searching for map 1 of 1.
For d = 3, dimension of null space is 15.
Null space time was 10.840 sec.
Null space vector 1 of 15 is good.
Time to realize x,y over cyclotomic field: 28.940
Starting cyclotomic map evaluation.
Map 1 goes from XG to curve [ 0, 1, 0, 3, 0 ]. Base point (-2/3 : 1/3 : -1/3 : 1/3 : 0 : -1 : 2/3 : 2/3 : 0 : 0 : 2/3 : 0 : 1/3 : -1/3 : 1 : 0 : 0 : 0 : 0 : 0 : 0 : 0) maps to (0 : 1 : 0).
Realizing x,y over rationals.
Generating rational canonical ring.
Searching for map 1 of 1 in degree 3.
Matrix size is 315 x 21600.
For d = 3, dimension of null space is 15.
Null space time was 11.940 sec.
Nicefying 15x315 matrix.
Checking map equation 1 of 5.
Checking map equation 2 of 5.
Checking compatability of map equation 1 and 2.
Checking map equation 3 of 5.
Checking compatability of map equation 1 and 3.
Checking compatability of map equation 2 and 3.
Checking map equation 4 of 5.
Checking compatability of map equation 1 and 4.
Checking compatability of map equation 2 and 4.
Checking compatability of map equation 3 and 4.
Checking map equation 5 of 5.
Checking compatability of map equation 1 and 5.
Checking compatability of map equation 2 and 5.
Checking compatability of map equation 3 and 5.
Checking compatability of map equation 4 and 5.
Time to realize x,y over rationals: 32.710
Pulling back points
Map to elliptic curve has 5 defining polynomials.
The codomain of the map is a rank 0 elliptic curve: [ 0, 1, 0, 3, 0 ]
The set of rational points of this elliptic curve is:
Pulling back point (0 : 1 : 0).
Beginning test of p = 5.
Tested p = 5. There are 5 points, of which 3 are singular.
Beginning test of p = 13.
Tested p = 13. There are 3 points, of which 1 are singular.
Beginning test of p = 17.
Tested p = 17. There are 1 points, of which 1 are singular.
Beginning test of p = 19.
Tested p = 19. There are 3 points, of which 1 are singular.
Beginning test of p = 29.
Tested p = 29. There are 1 points, of which 1 are singular.
Beginning test of p = 31.
Tested p = 31. There are 3 points, of which 1 are singular.
Beginning test of p = 37.
Tested p = 37. There are 3 points, of which 1 are singular.
Beginning test of p = 41.
Tested p = 41. There are 1 points, of which 1 are singular.
Beginning test of p = 43.
Tested p = 43. There are 6 points, of which 6 are singular.
Beginning test of p = 47.
Tested p = 47. There are 3 points, of which 1 are singular.
Beginning test of p = 53.
Tested p = 53. There are 3 points, of which 1 are singular.
Beginning test of p = 59.
Tested p = 59. There are 5 points, of which 1 are singular.
Beginning test of p = 61.
Tested p = 61. There are 3 points, of which 1 are singular.
Beginning test of p = 67.
Tested p = 67. There are 8 points, of which 6 are singular.
Beginning test of p = 71.
Tested p = 71. There are 3 points, of which 1 are singular.
Beginning test of p = 73.
Tested p = 73. There are 1 points, of which 1 are singular.
Beginning test of p = 79.
Tested p = 79. There are 5 points, of which 1 are singular.
Beginning test of p = 83.
Tested p = 83. There are 1 points, of which 1 are singular.
Beginning test of p = 89.
Tested p = 89. There are 8 points, of which 6 are singular.
Beginning test of p = 97.
Tested p = 97. There are 3 points, of which 1 are singular.
Beginning test of p = 101.
Tested p = 101. There are 1 points, of which 1 are singular.
Fall back to built-in function - no non-singular reduction found.
Found rational point (-2/3 : 1/3 : -1/3 : 1/3 : 0 : -1 : 2/3 : 2/3 : 0 : 0 : 2/3 : 0 : 1/3 : -1/3 : 1 : 0 : 0 : 0 : 0 : 0 : 0 : 0).
Pulling back point (0 : 0 : 1).
Beginning test of p = 5.
Tested p = 5. There are 3 points, of which 0 are singular.
Lifting mod p point (1 : 3 : 1 : 3 : 1 : 0 : 0 : 0 : 3 : 4 : 0 : 2 : 1 : 0 : 1 : 0 : 3 : 1 : 4 : 0 : 2 : 1).
We didn't find a rational point.
Lifting mod p point (4 : 2 : 4 : 2 : 4 : 0 : 0 : 0 : 2 : 1 : 0 : 3 : 4 : 0 : 4 : 0 : 3 : 1 : 4 : 0 : 2 : 1).
We didn't find a rational point.
Lifting mod p point (1 : 2 : 3 : 2 : 0 : 4 : 4 : 4 : 0 : 0 : 4 : 0 : 2 : 3 : 1 : 0 : 0 : 0 : 0 : 0 : 0 : 0).
We found a rational point (-2/3 : 1/3 : -1/3 : 1/3 : 0 : -1 : 2/3 : 2/3 : 0 : 0 : 2/3 : 0 : 1/3 : -1/3 : 1 : 0 : 0 : 0 : 0 : 0 : 0 : 0).
Mod 5 there are 3 points, all of which are non-singular.
Mod 13 there are 1 points, all of which are non-singular.
The reduction mod p map from X(Q) -> X(F_13) is bijective. We're done!
There is 1 rational point on the given modular curve.
It is [ (-2/3 : 1/3 : -1/3 : 1/3 : 0 : -1 : 2/3 : 2/3 : 0 : 0 : 2/3 : 0 : 1/3 : -1/3 : 1 : 0 : 0 : 0 : 0 : 0 : 0 : 0) ].
Time to pull back points: 594.380
Label: 66.330.22.e.1
Number of rational cusps: 0
Number of CM points: 1
Multiset of CM j-invariants: {* 1728 *}
Number of non-CM points: 0
Multiset of non-CM j-invariants: {* *}
Total time needed was 6511.910 sec.

Starting curve 20 with label 66.660.49.e.1.
Choosing power series precision = 804.
Creating model with power series precision 804.
Model found. Now increasing precision.
Precision increase done.
Trying to find Hecke matrix for p = 5.
Trying to find Hecke matrix for p = 7.
Trying to find Hecke matrix for p = 13.
Trying to find Hecke matrix for p = 17.
Trying to find Hecke matrix for p = 19.
Trying to find Hecke matrix for p = 23.
Trying to find Hecke matrix for p = 29.
Trying to find Hecke matrix for p = 31.
Nicefying 1x160600 matrix.
Nicefying 1x160600 matrix.
Nicefying 1x160600 matrix.
Nicefying 1x160600 matrix.
Nicefying 1x160600 matrix.
Fourier coefficient size diagnostic.
True max = 22.1753587903033561997762298638.
Bound is = 198.
Computing periods of 20 matrices (max length 50).
Best elliptic curve 1 is [ 1, -1, 1, -1838, -5156 ]. The Manin constant is 1/2178.
Starting modular degree computation.
Computing 660 periods.
Analytic modular degree is 240.
Time to compute analytic modular degree: 5137.070
Best elliptic curve 1 is [ 0, 0, 1, 0, -40263 ]. The Manin constant is 1/726.
Starting modular degree computation.
Computing 660 periods.
Analytic modular degree is 924.
Time to compute analytic modular degree: 1233.820
Best elliptic curve 1 is [ 0, 0, 1, 0, 30 ]. The Manin constant is 1/726.
Starting modular degree computation.
Computing 660 periods.
Analytic modular degree is 28.
Time to compute analytic modular degree: 1239.590
Best elliptic curve 1 is [ 1, -1, 0, -204, 259 ]. The Manin constant is 1/726.
Starting modular degree computation.
Computing 660 periods.
Analytic modular degree is 720.
Time to compute analytic modular degree: 5216.200
Best elliptic curve 1 is [ 1, -1, 0, -7827, -255051 ]. The Manin constant is 1/726.
Starting modular degree computation.
Computing 660 periods.
Analytic modular degree is 240.
Time to compute analytic modular degree: 3905.660
Minimal modular degree is 28. Choosing elliptic curve [ 0, 0, 1, 0, 30 ].
Image of cusp 1 has order 1 on elliptic curve.
Point is (0 : 1 : 0).
Image of cusp 2 has order 1 on elliptic curve.
Point is (0 : 1 : 0).
Image of cusp 3 has order 1 on elliptic curve.
Point is (0 : 1 : 0).
Image of cusp 4 has order 1 on elliptic curve.
Point is (0 : 1 : 0).
Image of cusp 5 has order 1 on elliptic curve.
Point is (0 : 1 : 0).
Image of cusp 6 has order 1 on elliptic curve.
Point is (0 : 1 : 0).
Image of cusp 7 has order 1 on elliptic curve.
Point is (0 : 1 : 0).
Image of cusp 8 has order 1 on elliptic curve.
Point is (0 : 1 : 0).
Image of cusp 9 has order 1 on elliptic curve.
Point is (0 : 1 : 0).
Image of cusp 10 has order 1 on elliptic curve.
Point is (0 : 1 : 0).
Tweaking precision.
Guaranteed to find map in degree 2.
Old preclist = [ 804, 804, 804, 804, 804, 804, 804, 804, 804, 804 ].
precsum = 662, multiplier = 10, powerprec = 76.
Setting powerprec = 76.
New preclist = [ 76, 76, 76, 76, 76, 76, 76, 76, 76, 76 ].
Finding elliptic curve map 1.
Computing Fourier expansions of x and y modular functions at cusp 1 of 10.
Computing Fourier expansions of x and y modular functions at cusp 2 of 10.
Computing Fourier expansions of x and y modular functions at cusp 3 of 10.
Computing Fourier expansions of x and y modular functions at cusp 4 of 10.
Computing Fourier expansions of x and y modular functions at cusp 5 of 10.
Computing Fourier expansions of x and y modular functions at cusp 6 of 10.
Computing Fourier expansions of x and y modular functions at cusp 7 of 10.
Computing Fourier expansions of x and y modular functions at cusp 8 of 10.
Computing Fourier expansions of x and y modular functions at cusp 9 of 10.
Computing Fourier expansions of x and y modular functions at cusp 10 of 10.
Realizing x,y over rationals.
Computing Grobner basis for ideal.
Grobner basis time was 2.910.
Generating rational canonical ring.
Generating degree 1 piece of canonical ring.
Searching for map 1 of 1 in degree 1.
Matrix size is 147 x 30000.
For d = 1, dimension of null space is 0.
Null space time was 0.300 sec.
Generating degree 2 piece of canonical ring.
Searching for map 1 of 1 in degree 2.
Matrix size is 432 x 30000.
For d = 2, dimension of null space is 60.
Null space time was 570.450 sec.
Nicefying 60x432 matrix.
Checking map equation 1 of 5.
Checking map equation 2 of 5.
Checking compatability of map equation 1 and 2.
Checking map equation 3 of 5.
Checking compatability of map equation 1 and 3.
Checking compatability of map equation 2 and 3.
Checking map equation 4 of 5.
Checking compatability of map equation 1 and 4.
Checking compatability of map equation 2 and 4.
Checking compatability of map equation 3 and 4.
Checking map equation 5 of 5.
Checking compatability of map equation 1 and 5.
Checking compatability of map equation 2 and 5.
Checking compatability of map equation 3 and 5.
Checking compatability of map equation 4 and 5.
Time to realize x,y over rationals: 620.840
Pulling back points
Map to elliptic curve has 5 defining polynomials.
The codomain of the map is a rank 0 elliptic curve: [ 0, 0, 1, 0, 30 ]
The set of rational points of this elliptic curve is:
Pulling back point (0 : -6 : 1).
Beginning test of p = 19.
Tested p = 19. There are 4 points, of which 0 are singular.
Lifting mod p point (11 : 17 : 15 : 3 : 1 : 16 : 15 : 2 : 3 : 8 : 14 : 8 : 9 : 17 : 1 : 7 : 16 : 12 : 4 : 6 : 18 : 1 : 7 : 14 : 18 : 17 : 11 : 9 : 11 : 17 : 1 : 15 : 2 : 8 : 5 : 8 : 18 : 10 : 16 : 9 : 13 : 18 : 1 : 4 : 0 : 1 : 0 : 0 : 1).
We didn't find a rational point.
Lifting mod p point (11 : 17 : 15 : 3 : 7 : 16 : 15 : 2 : 3 : 12 : 16 : 13 : 2 : 5 : 9 : 15 : 1 : 6 : 1 : 9 : 1 : 4 : 5 : 7 : 10 : 0 : 18 : 4 : 7 : 16 : 7 : 13 : 14 : 5 : 18 : 8 : 8 : 10 : 17 : 8 : 6 : 18 : 11 : 9 : 14 : 1 : 0 : 0 : 1).
We didn't find a rational point.
Lifting mod p point (11 : 17 : 15 : 3 : 11 : 16 : 15 : 2 : 3 : 18 : 0 : 17 : 8 : 16 : 17 : 16 : 2 : 1 : 14 : 4 : 0 : 3 : 7 : 17 : 10 : 2 : 9 : 6 : 1 : 5 : 11 : 10 : 3 : 6 : 15 : 3 : 12 : 10 : 5 : 2 : 0 : 10 : 7 : 6 : 5 : 1 : 0 : 0 : 1).
We didn't find a rational point.
Lifting mod p point (0 : 0 : 0 : 0 : 0 : 0 : 0 : 0 : 0 : 16 : 1 : 18 : 0 : 14 : 16 : 4 : 8 : 2 : 0 : 0 : 2 : 14 : 3 : 4 : 1 : 2 : 1 : 1 : 1 : 18 : 0 : 0 : 0 : 3 : 15 : 18 : 18 : 0 : 0 : 18 : 3 : 12 : 2 : 0 : 1 : 0 : 0 : 0 : 0).
We found a rational point (0 : 0 : 0 : 0 : 0 : 0 : 0 : 0 : 0 : -3 : 1 : -1 : 0 : -5 : -3 : 4 : 8 : 2 : 0 : 0 : 2 : -5 : 3 : 4 : 1 : 2 : 1 : 1 : 1 : -1 : 0 : 0 : 0 : 3 : -4 : -1 : -1 : 0 : 0 : -1 : 3 : -7 : 2 : 0 : 1 : 0 : 0 : 0 : 0).
Mod 19 there are 4 points, all of which are non-singular.
Mod 23 there are 4 points, all of which are non-singular.
Mod 29 there are 6 points, all of which are non-singular.
Mod 31 there are 1 points, all of which are non-singular.
The reduction mod p map from X(Q) -> X(F_31) is bijective. We're done!
Pulling back point (0 : 1 : 0).
Beginning test of p = 19.
Tested p = 19. There are 0 points, of which 0 are singular.
Mod 19 there are 0 points, all of which are non-singular.
The reduction mod p map from X(Q) -> X(F_19) is bijective. We're done!
Pulling back point (0 : 5 : 1).
Beginning test of p = 19.
Tested p = 19. There are 4 points, of which 0 are singular.
Lifting mod p point (11 : 17 : 16 : 4 : 1 : 18 : 15 : 2 : 3 : 16 : 6 : 12 : 0 : 1 : 14 : 3 : 3 : 6 : 0 : 7 : 5 : 10 : 4 : 18 : 9 : 13 : 16 : 18 : 1 : 6 : 15 : 4 : 7 : 13 : 4 : 2 : 17 : 11 : 16 : 14 : 8 : 15 : 2 : 4 : 8 : 0 : 1 : 0 : 0).
We didn't find a rational point.
Lifting mod p point (11 : 17 : 16 : 4 : 7 : 18 : 15 : 2 : 3 : 5 : 13 : 18 : 15 : 3 : 13 : 6 : 5 : 15 : 13 : 1 : 5 : 18 : 9 : 14 : 2 : 14 : 13 : 8 : 11 : 9 : 10 : 6 : 11 : 2 : 7 : 0 : 16 : 11 : 17 : 5 : 9 : 18 : 3 : 9 : 7 : 0 : 1 : 0 : 0).
We didn't find a rational point.
Lifting mod p point (11 : 17 : 16 : 4 : 11 : 18 : 15 : 2 : 3 : 17 : 14 : 8 : 4 : 15 : 16 : 10 : 11 : 17 : 6 : 11 : 9 : 15 : 6 : 6 : 8 : 11 : 9 : 12 : 7 : 4 : 13 : 9 : 1 : 4 : 8 : 17 : 5 : 11 : 5 : 0 : 2 : 10 : 14 : 6 : 4 : 0 : 1 : 0 : 0).
We didn't find a rational point.
Lifting mod p point (0 : 0 : 0 : 0 : 0 : 0 : 0 : 0 : 0 : 16 : 1 : 18 : 8 : 14 : 16 : 12 : 16 : 10 : 0 : 0 : 2 : 6 : 3 : 4 : 1 : 2 : 1 : 1 : 1 : 18 : 0 : 0 : 0 : 3 : 15 : 18 : 18 : 0 : 0 : 18 : 3 : 4 : 2 : 0 : 1 : 0 : 0 : 0 : 0).
We found a rational point (0 : 0 : 0 : 0 : 0 : 0 : 0 : 0 : 0 : -3 : 1 : -1 : -11 : -5 : -3 : -7 : -3 : -9 : 0 : 0 : 2 : 6 : 3 : 4 : 1 : 2 : 1 : 1 : 1 : -1 : 0 : 0 : 0 : 3 : -4 : -1 : -1 : 0 : 0 : -1 : 3 : 4 : 2 : 0 : 1 : 0 : 0 : 0 : 0).
Mod 19 there are 4 points, all of which are non-singular.
Mod 23 there are 4 points, all of which are non-singular.
Mod 29 there are 6 points, all of which are non-singular.
Mod 31 there are 1 points, all of which are non-singular.
The reduction mod p map from X(Q) -> X(F_31) is bijective. We're done!
There are 2 rational points on the given modular curve.
They are [ (0 : 0 : 0 : 0 : 0 : 0 : 0 : 0 : 0 : -3 : 1 : -1 : -11 : -5 : -3 : -7 : -3 : -9 : 0 : 0 : 2 : 6 : 3 : 4 : 1 : 2 : 1 : 1 : 1 : -1 : 0 : 0 : 0 : 3 : -4 : -1 : -1 : 0 : 0 : -1 : 3 : 4 : 2 : 0 : 1 : 0 : 0 : 0 : 0), (0 : 0 : 0 : 0 : 0 : 0 : 0 : 0 : 0 : -3 : 1 : -1 : 0 : -5 : -3 : 4 : 8 : 2 : 0 : 0 : 2 : -5 : 3 : 4 : 1 : 2 : 1 : 1 : 1 : -1 : 0 : 0 : 0 : 3 : -4 : -1 : -1 : 0 : 0 : -1 : 3 : -7 : 2 : 0 : 1 : 0 : 0 : 0 : 0) ].
Time to pull back points: 1634.000
Label: 66.660.49.e.1
Number of rational cusps: 0
Number of CM points: 2
Multiset of CM j-invariants: {* 0^^2 *}
Number of non-CM points: 0
Multiset of non-CM j-invariants: {* *}
Total time needed was 19612.740 sec.

Starting curve 21 with label 66.660.50.a.1.
Choosing power series precision = 1206.
Creating model with power series precision 1206.
Model found. Now increasing precision.
Precision increase done.
Trying to find Hecke matrix for p = 5.
Trying to find Hecke matrix for p = 7.
Trying to find Hecke matrix for p = 13.
Trying to find Hecke matrix for p = 17.
Trying to find Hecke matrix for p = 19.
Trying to find Hecke matrix for p = 23.
Trying to find Hecke matrix for p = 29.
Trying to find Hecke matrix for p = 31.
Trying to find Hecke matrix for p = 37.
Trying to find Hecke matrix for p = 41.
Trying to find Hecke matrix for p = 43.
Trying to find Hecke matrix for p = 47.
Trying to find Hecke matrix for p = 53.
Trying to find Hecke matrix for p = 59.
Trying to find Hecke matrix for p = 61.
Trying to find Hecke matrix for p = 67.
Trying to find Hecke matrix for p = 71.
Trying to find Hecke matrix for p = 73.
Trying to find Hecke matrix for p = 79.
Trying to find Hecke matrix for p = 83.
Trying to find Hecke matrix for p = 89.
Trying to find Hecke matrix for p = 97.
Trying to find Hecke matrix for p = 101.
Trying to find Hecke matrix for p = 103.
Trying to find Hecke matrix for p = 107.
Trying to find Hecke matrix for p = 109.
Nicefying 1x241000 matrix.
Nicefying 1x241000 matrix.
Nicefying 1x241000 matrix.
Nicefying 1x241000 matrix.
Nicefying 1x241000 matrix.
Nicefying 1x241000 matrix.
Nicefying 1x241000 matrix.
Fourier coefficient size diagnostic.
True max = 51.2051620009953732810938753470.
Bound is = 198.
Computing periods of 20 matrices (max length 50).
Best elliptic curve 1 is [ 1, -1, 0, -15, 8 ]. The Manin constant is 1/198.
Starting modular degree computation.
Computing 660 periods.
Analytic modular degree is 320.
Time to compute analytic modular degree: 7820.250
Best elliptic curve 1 is [ 1, -1, 0, -87, 333 ]. The Manin constant is 1/66.
Starting modular degree computation.
Computing 660 periods.
Analytic modular degree is 320.
Time to compute analytic modular degree: 5656.630
Best elliptic curve 1 is [ 1, -1, 1, -65, 209 ]. The Manin constant is 1/66.
Starting modular degree computation.
Computing 660 periods.
Analytic modular degree is 320.
Time to compute analytic modular degree: 5756.150
Best elliptic curve 1 is [ 1, -1, 1, -1838, -5156 ]. The Manin constant is 1/2178.
Starting modular degree computation.
Computing 660 periods.
Analytic modular degree is 960.
Time to compute analytic modular degree: 9343.710
Best elliptic curve 1 is [ 0, 0, 1, 0, -40263 ]. The Manin constant is 1/726.
Starting modular degree computation.
Computing 660 periods.
Analytic modular degree is 42.
Time to compute analytic modular degree: 1714.100
Best elliptic curve 1 is [ 1, -1, 0, -204, 259 ]. The Manin constant is 1/726.
Starting modular degree computation.
Computing 660 periods.
Analytic modular degree is 2880.
Time to compute analytic modular degree: 9355.060
Best elliptic curve 1 is [ 1, -1, 0, -7827, -255051 ]. The Manin constant is 1/726.
Starting modular degree computation.
Computing 660 periods.
Analytic modular degree is 960.
Time to compute analytic modular degree: 6658.330
Minimal modular degree is 42. Choosing elliptic curve [ 0, 0, 1, 0, -40263 ].
Image of cusp 1 has order 1 on elliptic curve.
Point is (0 : 1 : 0).
Image of cusp 2 has order 1 on elliptic curve.
Point is (0 : 1 : 0).
Image of cusp 3 has order 1 on elliptic curve.
Point is (0 : 1 : 0).
Image of cusp 4 has order 1 on elliptic curve.
Point is (0 : 1 : 0).
Image of cusp 5 has order 1 on elliptic curve.
Point is (0 : 1 : 0).
Image of cusp 6 has order 1 on elliptic curve.
Point is (0 : 1 : 0).
Image of cusp 7 has order 1 on elliptic curve.
Point is (0 : 1 : 0).
Image of cusp 8 has order 1 on elliptic curve.
Point is (0 : 1 : 0).
Image of cusp 9 has order 1 on elliptic curve.
Point is (0 : 1 : 0).
Image of cusp 10 has order 1 on elliptic curve.
Point is (0 : 1 : 0).
Tweaking precision.
Guaranteed to find map in degree 2.
Old preclist = [ 1206, 1206, 1206, 1206, 1206, 1206, 1206, 1206, 1206, 1206 ].
precsum = 662, multiplier = 10, powerprec = 76.
Setting powerprec = 76.
New preclist = [ 76, 76, 76, 76, 76, 76, 76, 76, 76, 76 ].
Finding elliptic curve map 1.
Computing Fourier expansions of x and y modular functions at cusp 1 of 10.
Computing Fourier expansions of x and y modular functions at cusp 2 of 10.
Computing Fourier expansions of x and y modular functions at cusp 3 of 10.
Computing Fourier expansions of x and y modular functions at cusp 4 of 10.
Computing Fourier expansions of x and y modular functions at cusp 5 of 10.
Computing Fourier expansions of x and y modular functions at cusp 6 of 10.
Computing Fourier expansions of x and y modular functions at cusp 7 of 10.
Computing Fourier expansions of x and y modular functions at cusp 8 of 10.
Computing Fourier expansions of x and y modular functions at cusp 9 of 10.
Computing Fourier expansions of x and y modular functions at cusp 10 of 10.
Realizing x,y over rationals.
Computing Grobner basis for ideal.
Grobner basis time was 4.160.
Generating rational canonical ring.
Generating degree 1 piece of canonical ring.
Searching for map 1 of 1 in degree 1.
Matrix size is 150 x 30000.
For d = 1, dimension of null space is 0.
Null space time was 0.350 sec.
Generating degree 2 piece of canonical ring.
Searching for map 1 of 1 in degree 2.
Matrix size is 441 x 30000.
For d = 2, dimension of null space is 21.
Null space time was 111.040 sec.
Nicefying 21x441 matrix.
Checking map equation 1 of 5.
Checking map equation 2 of 5.
Checking compatability of map equation 1 and 2.
Checking map equation 3 of 5.
Checking compatability of map equation 1 and 3.
Checking compatability of map equation 2 and 3.
Checking map equation 4 of 5.
Checking compatability of map equation 1 and 4.
Checking compatability of map equation 2 and 4.
Checking compatability of map equation 3 and 4.
Checking map equation 5 of 5.
Checking compatability of map equation 1 and 5.
Checking compatability of map equation 2 and 5.
Checking compatability of map equation 3 and 5.
Checking compatability of map equation 4 and 5.
Time to realize x,y over rationals: 171.830
Pulling back points
Map to elliptic curve has 5 defining polynomials.
The codomain of the map is a rank 0 elliptic curve: [ 0, 0, 1, 0, -40263 ]
The set of rational points of this elliptic curve is:
Pulling back point (0 : 1 : 0).
Beginning test of p = 7.
Tested p = 7. There are 6 points, of which 2 are singular.
Beginning test of p = 17.
Tested p = 17. There are 7 points, of which 3 are singular.
Beginning test of p = 19.
Tested p = 19. There are 3 points, of which 2 are singular.
Beginning test of p = 23.
Tested p = 23. There are 4 points, of which 2 are singular.
Beginning test of p = 31.
Tested p = 31. There are 9 points, of which 2 are singular.
Beginning test of p = 37.
Tested p = 37. There are 3 points, of which 2 are singular.
Beginning test of p = 41.
Tested p = 41. There are 8 points, of which 2 are singular.
Beginning test of p = 43.
Tested p = 43. There are 6 points, of which 2 are singular.
Beginning test of p = 47.
Tested p = 47. There are 6 points, of which 2 are singular.
Beginning test of p = 53.
Tested p = 53. There are 6 points, of which 2 are singular.
Beginning test of p = 59.
Tested p = 59. There are 6 points, of which 2 are singular.
Beginning test of p = 61.
Tested p = 61. There are 9 points, of which 2 are singular.
Beginning test of p = 71.
Tested p = 71. There are 8 points, of which 2 are singular.
Beginning test of p = 73.
Tested p = 73. There are 12 points, of which 2 are singular.
Beginning test of p = 79.
Tested p = 79. There are 6 points, of which 2 are singular.
Beginning test of p = 83.
Tested p = 83. There are 6 points, of which 2 are singular.
Beginning test of p = 89.
Tested p = 89. There are 7 points, of which 3 are singular.
Beginning test of p = 97.
Tested p = 97. There are 18 points, of which 2 are singular.
Beginning test of p = 101.
Tested p = 101. There are 8 points, of which 2 are singular.
Beginning test of p = 103.
Tested p = 103. There are 18 points, of which 2 are singular.
Fall back to built-in function - no non-singular reduction found.
Found rational point (0 : -1 : -2 : -3 : 1 : 3 : 0 : -1 : 4 : -2 : 2 : 0 : 2 : 1 : 0 : 1 : 2 : 0 : 0 : 0 : -4 : 2 : 1 : 0 : 0 : 0 : 1 : -1 : 0 : 0 : 0 : -2 : 0 : 0 : -1 : 0 : -4 : 1 : 0 : 0 : 0 : 0 : 0 : 0 : 0 : 0 : 0 : 0 : 0 : 0).
Found rational point (0 : -1/2 : -2 : 3/2 : -3 : 1 : -3 : -3/2 : -1/2 : -1/2 : 3/2 : -2 : -1/2 : 0 : 1 : -1/2 : 3/2 : -5/2 : 3/2 : 1/2 : -1/2 : -2 : 1/2 : -1/2 : 0 : 1 : 1/2 : -1/2 : 1/2 : 1 : 1/2 : 1/2 : 1/2 : 2 : -3/2 : -5/2 : 0 : 1 : 0 : 0 : 0 : 0 : 0 : 0 : 0 : 0 : 0 : 0 : 0 : 0).
Found rational point (0 : 7/4 : -5/4 : 0 : 3/4 : -5/4 : 3/4 : 3/2 : -2 : -1/2 : -3/4 : 1 : -2 : -3/4 : -1/2 : -5/4 : 0 : 1/2 : -3/4 : -7/4 : -1/2 : -1/2 : -1/4 : 1/4 : 0 : 1 : 1/2 : 1/4 : -1 : -1/2 : 5/4 : 2 : -1/4 : -1/4 : 9/4 : -1/4 : 0 : 1 : 0 : 0 : 0 : 0 : 0 : 0 : 0 : 0 : 0 : 0 : 0 : 0).
There are 3 rational points on the given modular curve.
They are [ (0 : -1/2 : -2 : 3/2 : -3 : 1 : -3 : -3/2 : -1/2 : -1/2 : 3/2 : -2 : -1/2 : 0 : 1 : -1/2 : 3/2 : -5/2 : 3/2 : 1/2 : -1/2 : -2 : 1/2 : -1/2 : 0 : 1 : 1/2 : -1/2 : 1/2 : 1 : 1/2 : 1/2 : 1/2 : 2 : -3/2 : -5/2 : 0 : 1 : 0 : 0 : 0 : 0 : 0 : 0 : 0 : 0 : 0 : 0 : 0 : 0), (0 : -1 : -2 : -3 : 1 : 3 : 0 : -1 : 4 : -2 : 2 : 0 : 2 : 1 : 0 : 1 : 2 : 0 : 0 : 0 : -4 : 2 : 1 : 0 : 0 : 0 : 1 : -1 : 0 : 0 : 0 : -2 : 0 : 0 : -1 : 0 : -4 : 1 : 0 : 0 : 0 : 0 : 0 : 0 : 0 : 0 : 0 : 0 : 0 : 0), (0 : 7/4 : -5/4 : 0 : 3/4 : -5/4 : 3/4 : 3/2 : -2 : -1/2 : -3/4 : 1 : -2 : -3/4 : -1/2 : -5/4 : 0 : 1/2 : -3/4 : -7/4 : -1/2 : -1/2 : -1/4 : 1/4 : 0 : 1 : 1/2 : 1/4 : -1 : -1/2 : 5/4 : 2 : -1/4 : -1/4 : 9/4 : -1/4 : 0 : 1 : 0 : 0 : 0 : 0 : 0 : 0 : 0 : 0 : 0 : 0 : 0 : 0) ].
Time to pull back points: 238.210
Label: 66.660.50.a.1
Number of rational cusps: 0
Number of CM points: 3
Multiset of CM j-invariants: {* 0^^3 *}
Number of non-CM points: 0
Multiset of non-CM j-invariants: {* *}
Total time needed was 49072.910 sec.

Starting curve 22 with label 70.280.19.c.1.
Choosing power series precision = 715.
Creating model with power series precision 715.
Model found. Now increasing precision.
Precision increase done.
Trying to find Hecke matrix for p = 3.
Trying to find Hecke matrix for p = 11.
Trying to find Hecke matrix for p = 13.
Trying to find Hecke matrix for p = 17.
Trying to find Hecke matrix for p = 19.
Trying to find Hecke matrix for p = 23.
Trying to find Hecke matrix for p = 29.
Trying to find Hecke matrix for p = 31.
Trying to find Hecke matrix for p = 37.
Trying to find Hecke matrix for p = 41.
Nicefying 1x68544 matrix.
Nicefying 1x68544 matrix.
Nicefying 1x68544 matrix.
Nicefying 1x68544 matrix.
Nicefying 1x68544 matrix.
Fourier coefficient size diagnostic.
True max = 15.6524758424985278748642156811.
Bound is = 210.
Computing periods of 20 matrices (max length 50).
Best elliptic curve 1 is [ 0, 1, 0, 42, -287 ]. The Manin constant is 1/350.
Starting modular degree computation.
Computing 280 periods.
Analytic modular degree is 16.
Time to compute analytic modular degree: 932.330
Best elliptic curve 1 is [ 0, 1, 0, -71458, -7415787 ]. The Manin constant is 1/2450.
Starting modular degree computation.
Computing 280 periods.
Analytic modular degree is 112.
Time to compute analytic modular degree: 1042.740
Best elliptic curve 1 is [ 0, 0, 0, -6125, -214375 ]. The Manin constant is 1/2450.
Starting modular degree computation.
Computing 280 periods.
Analytic modular degree is 48.
Time to compute analytic modular degree: 924.010
Best elliptic curve 1 is [ 0, -1, 0, -1458, 22037 ]. The Manin constant is 1/2450.
Starting modular degree computation.
Computing 280 periods.
Analytic modular degree is 16.
Time to compute analytic modular degree: 1040.370
Best elliptic curve 1 is [ 0, -1, 0, 2042, 102537 ]. The Manin constant is 1/2450.
Starting modular degree computation.
Computing 280 periods.
Analytic modular degree is 48.
Time to compute analytic modular degree: 1173.240
Minimal modular degree is 16. Choosing elliptic curve [ 0, 1, 0, 42, -287 ].
Image of cusp 1 has order 1 on elliptic curve.
Point is (0 : 1 : 0).
Image of cusp 2 has order 1 on elliptic curve.
Point is (0 : 1 : 0).
Image of cusp 3 has order 1 on elliptic curve.
Point is (0 : 1 : 0).
Image of cusp 4 has order 1 on elliptic curve.
Point is (0 : 1 : 0).
Tweaking precision.
Guaranteed to find map in degree 2.
Old preclist = [ 715, 715, 715, 715 ].
precsum = 282, multiplier = 4, powerprec = 80.
Setting powerprec = 80.
New preclist = [ 80, 80, 80, 80 ].
Finding elliptic curve map 1.
Computing Fourier expansions of x and y modular functions at cusp 1 of 4.
Computing Fourier expansions of x and y modular functions at cusp 2 of 4.
Computing Fourier expansions of x and y modular functions at cusp 3 of 4.
Computing Fourier expansions of x and y modular functions at cusp 4 of 4.
Realizing x,y over cyclotomic field.
Computing Grobner basis for ideal.
Grobner basis time was 0.050.
Generating cyclotomic canonical ring.
Generating degree 1 piece of canonical ring.
Searching for map 1 of 1.
For d = 1, dimension of null space is 0.
Null space time was 0.050 sec.
Generating degree 2 piece of canonical ring.
Searching for map 1 of 1.
For d = 2, dimension of null space is 6.
Null space time was 0.660 sec.
Null space vector 3 of 6 is good.
Time to realize x,y over cyclotomic field: 2.400
Starting cyclotomic map evaluation.
Map 1 goes from XG to curve [ 0, 1, 0, 42, -287 ]. Base point (0 : 0 : 0 : 0 : 0 : 0 : 0 : 0 : 0 : 1 : -2 : -2 : 3 : -1 : 1 : -1 : -2 : 1 : 0) maps to (0 : 1 : 0).
Realizing x,y over rationals.
Generating rational canonical ring.
Searching for map 1 of 1 in degree 2.
Matrix size is 162 x 15168.
For d = 2, dimension of null space is 6.
Null space time was 0.250 sec.
Nicefying 6x162 matrix.
Checking map equation 1 of 5.
Checking map equation 2 of 5.
Checking compatability of map equation 1 and 2.
Checking map equation 3 of 5.
Checking compatability of map equation 1 and 3.
Checking compatability of map equation 2 and 3.
Checking map equation 4 of 5.
Checking compatability of map equation 1 and 4.
Checking compatability of map equation 2 and 4.
Checking compatability of map equation 3 and 4.
Checking map equation 5 of 5.
Checking compatability of map equation 1 and 5.
Checking compatability of map equation 2 and 5.
Checking compatability of map equation 3 and 5.
Checking compatability of map equation 4 and 5.
Time to realize x,y over rationals: 3.770
Pulling back points
Map to elliptic curve has 5 defining polynomials.
The codomain of the map is a rank 0 elliptic curve: [ 0, 1, 0, 42, -287 ]
The set of rational points of this elliptic curve is:
Pulling back point (0 : 1 : 0).
Beginning test of p = 11.
Tested p = 11. There are 5 points, of which 0 are singular.
Lifting mod p point (5 : 4 : 0 : 0 : 0 : 8 : 9 : 9 : 9 : 10 : 4 : 2 : 8 : 0 : 6 : 3 : 4 : 0 : 1).
We didn't find a rational point.
Lifting mod p point (6 : 7 : 0 : 0 : 0 : 3 : 2 : 2 : 2 : 10 : 4 : 2 : 8 : 0 : 6 : 3 : 4 : 0 : 1).
We didn't find a rational point.
Lifting mod p point (0 : 0 : 0 : 0 : 0 : 0 : 0 : 0 : 0 : 1 : 9 : 9 : 3 : 10 : 1 : 10 : 9 : 1 : 0).
We found a rational point (0 : 0 : 0 : 0 : 0 : 0 : 0 : 0 : 0 : 1 : -2 : -2 : 3 : -1 : 1 : -1 : -2 : 1 : 0).
Lifting mod p point (0 : 0 : 0 : 0 : 0 : 2 : 1 : 1 : 0 : 1 : 10 : 7 : 7 : 10 : 8 : 0 : 8 : 1 : 0).
We didn't find a rational point.
Lifting mod p point (0 : 0 : 0 : 0 : 0 : 9 : 10 : 10 : 0 : 1 : 10 : 7 : 7 : 10 : 8 : 0 : 8 : 1 : 0).
We didn't find a rational point.
Mod 11 there are 5 points, all of which are non-singular.
Mod 13 there are 4 points, all of which are non-singular.
Mod 19 there are 5 points, all of which are non-singular.
Mod 23 there are 1 points, all of which are non-singular.
The reduction mod p map from X(Q) -> X(F_23) is bijective. We're done!
Pulling back point (8 : -25 : 1).
Beginning test of p = 11.
Tested p = 11. There are 2 points, of which 0 are singular.
Lifting mod p point (3 : 10 : 0 : 5 : 10 : 10 : 0 : 0 : 5 : 7 : 7 : 6 : 2 : 10 : 8 : 4 : 5 : 1 : 1).
We didn't find a rational point.
Lifting mod p point (10 : 5 : 7 : 8 : 2 : 2 : 0 : 0 : 8 : 9 : 5 : 9 : 9 : 6 : 0 : 0 : 5 : 7 : 1).
We didn't find a rational point.
Mod 11 there are 2 points, all of which are non-singular.
Mod 13 there are 0 points, all of which are non-singular.
The reduction mod p map from X(Q) -> X(F_13) is bijective. We're done!
Pulling back point (8 : 25 : 1).
Beginning test of p = 11.
Tested p = 11. There are 2 points, of which 0 are singular.
Lifting mod p point (1 : 6 : 4 : 3 : 9 : 9 : 0 : 0 : 3 : 9 : 5 : 9 : 9 : 6 : 0 : 0 : 5 : 7 : 1).
We didn't find a rational point.
Lifting mod p point (8 : 1 : 0 : 6 : 1 : 1 : 0 : 0 : 6 : 7 : 7 : 6 : 2 : 10 : 8 : 4 : 5 : 1 : 1).
We didn't find a rational point.
Mod 11 there are 2 points, all of which are non-singular.
Mod 13 there are 0 points, all of which are non-singular.
The reduction mod p map from X(Q) -> X(F_13) is bijective. We're done!
There is 1 rational point on the given modular curve.
It is [ (0 : 0 : 0 : 0 : 0 : 0 : 0 : 0 : 0 : 1 : -2 : -2 : 3 : -1 : 1 : -1 : -2 : 1 : 0) ].
Time to pull back points: 7.680
Label: 70.280.19.c.1
Number of rational cusps: 1
Number of CM points: 0
Multiset of CM j-invariants: {* *}
Number of non-CM points: 0
Multiset of non-CM j-invariants: {* *}
Total time needed was 5499.000 sec.

Starting curve 23 with label 70.420.32.a.1.
Choosing power series precision = 715.
Creating model with power series precision 715.
Model found. Now increasing precision.
Precision increase done.
Trying to find Hecke matrix for p = 3.
Trying to find Hecke matrix for p = 11.
Trying to find Hecke matrix for p = 13.
Trying to find Hecke matrix for p = 17.
Trying to find Hecke matrix for p = 19.
Trying to find Hecke matrix for p = 23.
Trying to find Hecke matrix for p = 29.
Trying to find Hecke matrix for p = 31.
Trying to find Hecke matrix for p = 37.
Trying to find Hecke matrix for p = 41.
Trying to find Hecke matrix for p = 43.
Trying to find Hecke matrix for p = 47.
Nicefying 1x102816 matrix.
Nicefying 1x102816 matrix.
Nicefying 1x102816 matrix.
Nicefying 1x102816 matrix.
Nicefying 1x102816 matrix.
Nicefying 1x102816 matrix.
Nicefying 1x102816 matrix.
Nicefying 1x102816 matrix.
Fourier coefficient size diagnostic.
True max = 32.6319298327859196575826137646.
Bound is = 210.
Computing periods of 20 matrices (max length 50).
Best elliptic curve 1 is [ 0, 0, 0, -49000, -4287500 ]. The Manin constant is 1/2450.
Starting modular degree computation.
Computing 420 periods.
Analytic modular degree is 360.
Time to compute analytic modular degree: 2785.610
Best elliptic curve 1 is [ 0, 1, 0, -71458, -7415787 ]. The Manin constant is 1/2450.
Starting modular degree computation.
Computing 420 periods.
Analytic modular degree is 280.
Time to compute analytic modular degree: 1766.910
Best elliptic curve 1 is [ 0, 0, 0, -6125, -214375 ]. The Manin constant is 1/2450.
Starting modular degree computation.
Computing 420 periods.
Analytic modular degree is 60.
Time to compute analytic modular degree: 1580.560
Best elliptic curve 1 is [ 0, 0, 0, -2695, 154350 ]. The Manin constant is 1/2450.
Starting modular degree computation.
Computing 420 periods.
Analytic modular degree is 72.
Time to compute analytic modular degree: 1743.900
Best elliptic curve 1 is [ 0, 0, 0, -67375, 19293750 ]. The Manin constant is 1/2450.
Starting modular degree computation.
Computing 420 periods.
Analytic modular degree is 360.
Time to compute analytic modular degree: 1783.660
Best elliptic curve 1 is [ 0, -1, 0, -1458, 22037 ]. The Manin constant is 1/2450.
Starting modular degree computation.
Computing 420 periods.
Analytic modular degree is 40.
Time to compute analytic modular degree: 1766.510
Best elliptic curve 1 is [ 0, -1, 0, 2042, 102537 ]. The Manin constant is 1/2450.
Starting modular degree computation.
Computing 420 periods.
Analytic modular degree is 60.
Time to compute analytic modular degree: 1978.440
Best elliptic curve 1 is [ 0, 0, 0, -1960, -34300 ]. The Manin constant is 1/2450.
Starting modular degree computation.
Computing 420 periods.
Analytic modular degree is 72.
Time to compute analytic modular degree: 2761.370
Minimal modular degree is 40. Choosing elliptic curve [ 0, -1, 0, -1458, 22037 ].
Image of cusp 1 has order 1 on elliptic curve.
Point is (0 : 1 : 0).
Image of cusp 2 has order 1 on elliptic curve.
Point is (0 : 1 : 0).
Image of cusp 3 has order 1 on elliptic curve.
Point is (0 : 1 : 0).
Image of cusp 4 has order 1 on elliptic curve.
Point is (0 : 1 : 0).
Image of cusp 5 has order 1 on elliptic curve.
Point is (0 : 1 : 0).
Image of cusp 6 has order 1 on elliptic curve.
Point is (0 : 1 : 0).
Tweaking precision.
Guaranteed to find map in degree 3.
Old preclist = [ 715, 715, 715, 715, 715, 715 ].
precsum = 632, multiplier = 6, powerprec = 115.
Setting powerprec = 115.
New preclist = [ 115, 115, 115, 115, 115, 115 ].
Finding elliptic curve map 1.
Computing Fourier expansions of x and y modular functions at cusp 1 of 6.
Computing Fourier expansions of x and y modular functions at cusp 2 of 6.
Computing Fourier expansions of x and y modular functions at cusp 3 of 6.
Computing Fourier expansions of x and y modular functions at cusp 4 of 6.
Computing Fourier expansions of x and y modular functions at cusp 5 of 6.
Computing Fourier expansions of x and y modular functions at cusp 6 of 6.
Realizing x,y over rationals.
Computing Grobner basis for ideal.
Grobner basis time was 0.490.
Generating rational canonical ring.
Generating degree 1 piece of canonical ring.
Generating degree 2 piece of canonical ring.
Searching for map 1 of 1 in degree 2.
Matrix size is 279 x 32832.
For d = 2, dimension of null space is 0.
Null space time was 0.890 sec.
Generating degree 3 piece of canonical ring.
Searching for map 1 of 1 in degree 3.
Matrix size is 465 x 32832.
For d = 3, dimension of null space is 35.
Null space time was 277.300 sec.
Nicefying 35x465 matrix.
Checking map equation 1 of 5.
Checking map equation 2 of 5.
Checking compatability of map equation 1 and 2.
Checking map equation 3 of 5.
Checking compatability of map equation 1 and 3.
Checking compatability of map equation 2 and 3.
Checking map equation 4 of 5.
Checking compatability of map equation 1 and 4.
Checking compatability of map equation 2 and 4.
Checking compatability of map equation 3 and 4.
Checking map equation 5 of 5.
Checking compatability of map equation 1 and 5.
Checking compatability of map equation 2 and 5.
Checking compatability of map equation 3 and 5.
Checking compatability of map equation 4 and 5.
Time to realize x,y over rationals: 374.250
Pulling back points
Map to elliptic curve has 5 defining polynomials.
The codomain of the map is a rank 0 elliptic curve: [ 0, -1, 0, -1458, 22037 ]
The set of rational points of this elliptic curve is:
Pulling back point (0 : 1 : 0).
Beginning test of p = 11.
Tested p = 11. There are 2 points, of which 0 are singular.
Lifting mod p point (1 : 7 : 10 : 7 : 1 : 5 : 9 : 10 : 6 : 9 : 3 : 3 : 4 : 0 : 0 : 0 : 0 : 4 : 0 : 0 : 0 : 7 : 7 : 4 : 7 : 7 : 0 : 7 : 4 : 1 : 0 : 0).
We didn't find a rational point.
Lifting mod p point (1 : 7 : 10 : 7 : 1 : 5 : 9 : 10 : 6 : 9 : 3 : 3 : 7 : 0 : 0 : 0 : 0 : 7 : 0 : 0 : 0 : 4 : 4 : 7 : 4 : 4 : 0 : 4 : 7 : 1 : 0 : 0).
We didn't find a rational point.
Mod 11 there are 2 points, all of which are non-singular.
Mod 13 there are 0 points, all of which are non-singular.
The reduction mod p map from X(Q) -> X(F_13) is bijective. We're done!
There are no rational points on the given modular curve.
Time to pull back points: 36.920
Label: 70.420.32.a.1
Number of rational cusps: 0
Number of CM points: 0
Multiset of CM j-invariants: {* *}
Number of non-CM points: 0
Multiset of non-CM j-invariants: {* *}
Total time needed was 18175.730 sec.

Starting curve 24 with label 70.420.32.c.1.
Choosing power series precision = 286.
Creating model with power series precision 286.
Model found. Now increasing precision.
Precision increase done.
Trying to find Hecke matrix for p = 3.
Trying to find Hecke matrix for p = 11.
Trying to find Hecke matrix for p = 13.
Trying to find Hecke matrix for p = 17.
Trying to find Hecke matrix for p = 19.
Trying to find Hecke matrix for p = 23.
Trying to find Hecke matrix for p = 29.
Representation is not unique for Hecke operator T_29. Increasing precision may help.
Representation is not unique for Hecke operator T_29. Increasing precision may help.
Representation is not unique for Hecke operator T_29. Increasing precision may help.
Representation is not unique for Hecke operator T_29. Increasing precision may help.
Representation is not unique for Hecke operator T_29. Increasing precision may help.
Representation is not unique for Hecke operator T_29. Increasing precision may help.
Representation is not unique for Hecke operator T_29. Increasing precision may help.
Representation is not unique for Hecke operator T_29. Increasing precision may help.
Representation is not unique for Hecke operator T_29. Increasing precision may help.
Representation is not unique for Hecke operator T_29. Increasing precision may help.
Representation is not unique for Hecke operator T_29. Increasing precision may help.
Representation is not unique for Hecke operator T_29. Increasing precision may help.
Representation is not unique for Hecke operator T_29. Increasing precision may help.
Representation is not unique for Hecke operator T_29. Increasing precision may help.
Representation is not unique for Hecke operator T_29. Increasing precision may help.
Representation is not unique for Hecke operator T_29. Increasing precision may help.
Representation is not unique for Hecke operator T_29. Increasing precision may help.
Representation is not unique for Hecke operator T_29. Increasing precision may help.
Representation is not unique for Hecke operator T_29. Increasing precision may help.
Representation is not unique for Hecke operator T_29. Increasing precision may help.
Representation is not unique for Hecke operator T_29. Increasing precision may help.
Representation is not unique for Hecke operator T_29. Increasing precision may help.
Representation is not unique for Hecke operator T_29. Increasing precision may help.
Representation is not unique for Hecke operator T_29. Increasing precision may help.
Representation is not unique for Hecke operator T_29. Increasing precision may help.
Representation is not unique for Hecke operator T_29. Increasing precision may help.
Representation is not unique for Hecke operator T_29. Increasing precision may help.
Representation is not unique for Hecke operator T_29. Increasing precision may help.
Representation is not unique for Hecke operator T_29. Increasing precision may help.
Representation is not unique for Hecke operator T_29. Increasing precision may help.
Representation is not unique for Hecke operator T_29. Increasing precision may help.
Representation is not unique for Hecke operator T_29. Increasing precision may help.
Trying to find Hecke matrix for p = 31.
Representation is not unique for Hecke operator T_31. Increasing precision may help.
Representation is not unique for Hecke operator T_31. Increasing precision may help.
Representation is not unique for Hecke operator T_31. Increasing precision may help.
Representation is not unique for Hecke operator T_31. Increasing precision may help.
Representation is not unique for Hecke operator T_31. Increasing precision may help.
Representation is not unique for Hecke operator T_31. Increasing precision may help.
Representation is not unique for Hecke operator T_31. Increasing precision may help.
Representation is not unique for Hecke operator T_31. Increasing precision may help.
Representation is not unique for Hecke operator T_31. Increasing precision may help.
Representation is not unique for Hecke operator T_31. Increasing precision may help.
Representation is not unique for Hecke operator T_31. Increasing precision may help.
Representation is not unique for Hecke operator T_31. Increasing precision may help.
Representation is not unique for Hecke operator T_31. Increasing precision may help.
Representation is not unique for Hecke operator T_31. Increasing precision may help.
Representation is not unique for Hecke operator T_31. Increasing precision may help.
Representation is not unique for Hecke operator T_31. Increasing precision may help.
Representation is not unique for Hecke operator T_31. Increasing precision may help.
Representation is not unique for Hecke operator T_31. Increasing precision may help.
Representation is not unique for Hecke operator T_31. Increasing precision may help.
Representation is not unique for Hecke operator T_31. Increasing precision may help.
Representation is not unique for Hecke operator T_31. Increasing precision may help.
Representation is not unique for Hecke operator T_31. Increasing precision may help.
Representation is not unique for Hecke operator T_31. Increasing precision may help.
Representation is not unique for Hecke operator T_31. Increasing precision may help.
Representation is not unique for Hecke operator T_31. Increasing precision may help.
Representation is not unique for Hecke operator T_31. Increasing precision may help.
Representation is not unique for Hecke operator T_31. Increasing precision may help.
Representation is not unique for Hecke operator T_31. Increasing precision may help.
Representation is not unique for Hecke operator T_31. Increasing precision may help.
Representation is not unique for Hecke operator T_31. Increasing precision may help.
Representation is not unique for Hecke operator T_31. Increasing precision may help.
Representation is not unique for Hecke operator T_31. Increasing precision may help.
Nicefying 1x41040 matrix.
Nicefying 1x41040 matrix.
Nicefying 1x41040 matrix.
Nicefying 1x41040 matrix.
Nicefying 1x41040 matrix.
Fourier coefficient size diagnostic.
True max = 12.3337101625230104762138293470.
Bound is = 210.
Computing periods of 20 matrices (max length 50).
Best elliptic curve 1 is [ 0, 1, 0, 42, -287 ]. The Manin constant is 1/350.
Starting modular degree computation.
Computing 420 periods.
Analytic modular degree is 60.
Time to compute analytic modular degree: 583.190
Best elliptic curve 1 is [ 0, 0, 0, -55, -450 ]. The Manin constant is 1/350.
Starting modular degree computation.
Computing 420 periods.
Analytic modular degree is 72.
Time to compute analytic modular degree: 517.980
Best elliptic curve 1 is [ 0, 0, 0, -1000, 12500 ]. The Manin constant is 1/350.
Starting modular degree computation.
Computing 420 periods.
Analytic modular degree is 360.
Time to compute analytic modular degree: 759.370
Failed to identify the curve
ISSUE WITH LABEL 70.420.32.c.1.
ERROR IS 
FindMapsToEC(
ModEC: rec<recformat<N, gens, ainvlist, multlist, nummaps, CheckLoc...,
ainvlist: [ [ 0, 1, 0, 42, -287 ], [ 0, 0, 0, -80, -275 ], [ 0, 0, 0, ...,
multlist: [ 1, 1, 1, 1, 1 ]
)
PickBestECs(
ModEC: rec<recformat<N, gens, ainvlist, multlist, nummaps, CheckLoc...
)
IdentifyEC(
iso: [ Elliptic Curve defined by y^2 = x^3 + x^2 - 71458*x - 7415...,
sgn: 1,
per: [ 8.550991584E-10, 7.375392211E-7*i ]
)
In file "/home/rouseja/research/2024/smallsurj/rerun/ModCrvToECv2.m", line 401, column 5:
>>     assert false;
       ^
Runtime error in assert: Assertion failed.
Time before error was 1954.090 sec.

Total time: 205657.570 seconds, Total memory usage: 19234.44MB
